data_execucao,fonte,empresa,numero_pncp,modalidade,orgao,objeto,valor_estimado,data_encerramento,dias_restantes,municipio,uf,link
2026-07-27 13:50,empresa,Carlos Batista da Silva,18803072000132-1-000067/2026,Pregão - Eletrônico,MUNICIPIO DE BOCAIUVA,[Portal de Compras Públicas] - REGISTRO DE PREÇOS PARA FUTURA E EVENTUAL AQUISIÇÃO DE MATERIAIS PARA A VIGILÂNCIA EPIDEMIOLÓGICA DO MUNICÍPIO DE BOCAIÚVA/MG,41315.95,2026-08-03,7,Bocaiúva,MG,https://pncp.gov.br/app/editais/18803072000132/2026/67
2026-07-27 13:50,empresa,Carlos Batista da Silva,00444232000139-1-000657/2026,Pregão - Eletrônico,INDUSTRIA DE MATERIAL BELICO DO BRASIL IMBEL,"O objeto da presente licitação é a escolha da proposta mais vantajosa para contratação de empresa especializada para a realização de serviço especializado de controle sanitário integrado no combate às pragas urbanas a ser realizado na IMBEL/Fábrica de Itajubá e PCH REPI/IMBEL, conforme condições, quantidades e exigências estabelecidas neste Edital e seus anexos.",,2026-08-10,14,Itajubá,MG,https://pncp.gov.br/app/editais/00444232000139/2026/657
2026-07-27 13:50,empresa,Carlos Batista da Silva,18313817000185-1-000140/2026,Pregão - Eletrônico,MUNICIPIO DE PARA DE MINAS,"REGISTRO DE PREÇOS PARA FUTURA E EVENTUAL CONTRATAÇÃO DE EMPRESA PARA AQUISIÇÃO DE FERRAMENTAS E EPI’S, PARA ATENDER AS SECRETARIAS MUNICIPAIS REQUISITANTES.",571177.95,2026-08-04,8,Pará de Minas,MG,https://pncp.gov.br/app/editais/18313817000185/2026/140
2026-07-27 13:50,empresa,Carlos Batista da Silva,18313817000185-1-000141/2026,Pregão - Eletrônico,MUNICIPIO DE PARA DE MINAS,"Registro de Preços para futura e eventual contratação de empresa para aquisição de Ferramentas e EPI’s, para atender as demandas das Secretarias Municipais requisitantes.",571177.95,2026-08-04,8,Pará de Minas,MG,https://pncp.gov.br/app/editais/18313817000185/2026/141
2026-07-27 13:50,empresa,Carlos Batista da Silva,23767031000178-1-000029/2026,Pregão - Eletrônico,MUNICIPIO DE ITAU DE MINAS,"Equipamentos de Proteção Individual – EPI e Equipamentos de Proteção Coletiva - EPC, para atendimento de todas as secretarias e setores da Prefeitura Municipal de Itaú de Minas, durante o período de 12 (doze) meses, em regime de fornecimento parcelado.",281207.6,2026-08-07,11,Itaú de Minas,MG,https://pncp.gov.br/app/editais/23767031000178/2026/29
2026-07-27 13:50,empresa,Carlos Batista da Silva,18260489000104-1-000054/2026,Dispensa de Licitação,MUNICIPIO DE TUPACIGUARA,"[Publicenter] - AQUISIÇÃO DE MEDICAMENTOS E INSUMOS VETERINÁRIOS PARA SUPRIR A DEMANDA DO SETOR DE EPIDEMIOLOGIA E SETOR DE ZOONOSE E SEUS SETORES, CONFORME CONDIÇÕES E EXIGÊNCIAS ESTABELECIDAS EM DFD.",47918.64,2026-08-04,8,Tupaciguara,MG,https://pncp.gov.br/app/editais/18260489000104/2026/54
2026-07-27 13:50,empresa,DDA - DEDETIZADORES ASSOCIADOS,18557595000146-1-000092/2026,Pregão - Eletrônico,MUNICIPIO DE LAGOA DOURADA,REGISTRO DE PREÇOS para futura e eventual contratação de SERVIÇOS DE CAPINA ECOLÓGICA E FORNECIMENTO DE SOLUÇÃO ECOLÓGICA PARA COMBATE A PRAGAS E ERVAS DANINHAS.,1111750.0,2026-08-05,9,Lagoa Dourada,MG,https://pncp.gov.br/app/editais/18557595000146/2026/92
2026-07-27 13:50,empresa,Drogaria Costa & Costa de Barbacena,18025940000109-1-000158/2026,Pregão - Eletrônico,MUNICIPIO DE ITAJUBA,"REGISTRO DE PREÇOS PARA AQUISIÇÃO DE MEDICAMENTOS, SUPLEMENTOS ALIMENTARES E FITOTERÁPICOS PARA ATENDER À SECRETARIA MUNICIPAL DE SAÚDE - SEMSA, conforme TR, parte integrante do edital, condições, quantidades e exigências estabelecidas neste Edital e seus anexos.",1783837.0,2026-08-05,9,Itajubá,MG,https://pncp.gov.br/app/editais/18025940000109/2026/158
2026-07-27 13:50,empresa,Drogaria Costa & Costa de Barbacena,20622890000180-1-000050/2026,Pregão - Eletrônico,MUNICIPIO DE GOVERNADOR VALADARES,"Registro de Preços para futura e eventual aquisição de medicamentos industrializados, manipulados, contrastes e itens correlatos, destinados ao abastecimento das unidades integrantes da Rede Municipal de Saúde do Município de Governador Valadares/MG, visando atender às demandas da atenção primária, da atenção secundária, da assistência hospitalar e terciária, bem como às demandas judicializadas.",186076250.97,2026-08-05,9,Governador Valadares,MG,https://pncp.gov.br/app/editais/20622890000180/2026/50
2026-07-27 13:50,empresa,Drogaria Costa & Costa de Barbacena,01614862000177-1-000047/2026,Pregão - Eletrônico,MUNICIPIO DE CORREGO FUNDO,"[LICITANET] - Registro de Preços para aquisição de medicamentos de “A” à “Z” através de maior percentual global de desconto à tabela da CMED/ANVISA – MINAS GERAIS, para atendimento da demanda das Unidades de Saúde do Município de Córrego Fundo/MG e mandados judiciais de todos os tipos",163.7,2026-08-10,14,Córrego Fundo,MG,https://pncp.gov.br/app/editais/01614862000177/2026/47
2026-07-27 13:50,empresa,Drogaria Costa & Costa de Barbacena,19876424000142-1-000077/2026,Pregão - Eletrônico,MUNICIPIO DE IPATINGA,Aquisição de medicamentos de uso veterinário para uso na Seção de Controle de Zoonoses no atendimento e castrações dos animais.,174265.52,2026-08-12,16,Ipatinga,MG,https://pncp.gov.br/app/editais/19876424000142/2026/77
2026-07-27 13:50,empresa,Drogaria Costa & Costa de Barbacena,20920575000130-1-000021/2026,Pregão - Eletrônico,MUNICIPIO DE PAINS,"REGISTRO DE PREÇOS PARA, EVENTUAL OU FUTURA, AQUISIÇÃO DE
MEDICAMENTOS, DIETAS E SUPLEMENTOS ALIMENTARES PARA ATENDER A
DEMANDA DA SECRETARIA MUNICIPAL DE SAÚDE DE PAINS/MG.",2122421.22,2026-08-03,7,Pains,MG,https://pncp.gov.br/app/editais/20920575000130/2026/21
2026-07-27 13:50,empresa,Drogaria Costa & Costa de Barbacena,18259390000184-1-000011/2026,Pregão - Eletrônico,MUNICIPIO DE INDIANOPOLIS,"[LICITANET] - Aquisição de medicamentos e insumos de uso veterinário destinados à execução das ações do Programa Municipal ""Indianópolis Amiga dos Animais"", instituído pelo Decreto Municipal nº 4.618 de 22 de junho de 2026, na modalidade Pregão Eletrônico pelo Sistema de Registro de Preço, conforme especificações e quantidades constantes no anexo I Termo de Referência, parte integrante do edital.",128310.18,2026-08-11,15,Indianópolis,MG,https://pncp.gov.br/app/editais/18259390000184/2026/11
2026-07-27 13:50,empresa,Drogaria Costa & Costa de Barbacena,18243287000146-1-000097/2026,Pregão - Eletrônico,MUNICIPIO DE CARMO DO RIO CLARO,"Registro de Preços para Futura e Eventual Aquisição de Medicamentos Destinados ao Fornecimento para Pacientes do Município de Carmo do Rio Claro/MG, Conforme Determinações Judiciais",118940.74,2026-08-04,8,Carmo do Rio Claro,MG,https://pncp.gov.br/app/editais/18243287000146/2026/97
2026-07-27 13:50,empresa,Drogaria Costa & Costa de Barbacena,15126437000305-1-002645/2026,Pregão - Eletrônico,EMPRESA BRASILEIRA DE SERVICOS HOSPITALARES - EBSERH,"MEDICAMENTOS SÓLIDOS E LIQUIDOS - PARTE II. Pregão 39/2026. Unidade Gestora: 156654. Itens licitados 72. 
Entrega das Propostas: a partir de 22/07/2026 às 08h00 no site www.gov.br/compras. Abertura das Propostas: 18/08/2026 às 08h30 no site www.gov.br/compras",,2026-08-18,22,Uberlândia,MG,https://pncp.gov.br/app/editais/15126437000305/2026/2645
2026-07-27 13:50,empresa,Drogaria Costa & Costa de Barbacena,18557595000146-1-000094/2026,Pregão - Eletrônico,MUNICIPIO DE LAGOA DOURADA,"Registro de Preços para futura e eventual aquisição de medicamentos do Componente Básico da Assistência Farmacêutica para abastecimento da Farmácia de Minas, bem como de medicamentos destinados ao cumprimento de ordens judiciais",325855.79,2026-08-04,8,Lagoa Dourada,MG,https://pncp.gov.br/app/editais/18557595000146/2026/94
2026-07-27 13:50,empresa,Drogaria Costa & Costa de Barbacena,18260489000104-1-000054/2026,Dispensa de Licitação,MUNICIPIO DE TUPACIGUARA,"[Publicenter] - AQUISIÇÃO DE MEDICAMENTOS E INSUMOS VETERINÁRIOS PARA SUPRIR A DEMANDA DO SETOR DE EPIDEMIOLOGIA E SETOR DE ZOONOSE E SEUS SETORES, CONFORME CONDIÇÕES E EXIGÊNCIAS ESTABELECIDAS EM DFD.",47918.64,2026-08-04,8,Tupaciguara,MG,https://pncp.gov.br/app/editais/18260489000104/2026/54
2026-07-27 13:50,empresa,J.L. TREINAMENTOS E CONSULTORIA LTDA,18317685000160-1-000025/2026,Pregão - Eletrônico,MUNICIPIO DE BARAO DE COCAIS,"Contratação de empresa para prestação de serviços de licença e locação de software de gestão educacional, bem como implantação, instalação, configuração, migração dos dados do Censo Escolar, treinamento dos servidores, suporte técnico e manutenção mensal que garantam as alterações legais, corretivas e/ou evolutivas do software, em atendimento à Secretaria Municipal de Educação do Município de Barão de Cocais/MG.",,2026-08-06,10,Barão de Cocais,MG,https://pncp.gov.br/app/editais/18317685000160/2026/25
2026-07-27 13:50,empresa,J.L. TREINAMENTOS E CONSULTORIA LTDA,19770288000101-1-000054/2026,Pregão - Eletrônico,MUNICIPIO DE ALVARENGA,AQUISIÇÃO DE VEÍCULO PARA TRANSPORTE ESCOLAR DENTRO DO “PROGRAMA FORTALECIMENTO DAS ESCOLAS MUNICIPAIS” COM RECURSOS DO CONVÊNIO SEE Nº. 1261000772/2026 CELEBRADO COM A SECRETARIA DE ESTADO DE EDUCAÇÃO E O MUNICÍPIO DE ALVARENGA.,721225.0,2026-08-04,8,Alvarenga,MG,https://pncp.gov.br/app/editais/19770288000101/2026/54
2026-07-27 13:50,empresa,J.L. TREINAMENTOS E CONSULTORIA LTDA,18602052000101-1-000040/2026,Pregão - Eletrônico,MUNICIPIO DE GUIMARANIA,"[LICITANET] - CONTRATAÇÃO DE EMPRESA ESPECIALIZADA NA PRESTAÇÃO DE SERVIÇOS DE LICENCIAMENTO DE DIREITO DE USO DE SOFTWARE INTEGRADO PARA GESTÃO DE SAÚDE PÚBLICA, PARA ATENDER AS DEMANDAS E NECESSIDADE DA SECRETÁRIA MUNICIPAL DE SAÚDE DO MUNICÍPIO DE GUIMARÂNIA, INCLUINDO SERVIÇOS DE IMPLANTAÇÃO, CONVERSÃO, MIGRAÇÃO DE DADOS, SUPORTE TÉCNICO (HELP DESK) IN LOCO E REMOTO, TREINAMENTO DE USUÁRIOS, MANUTENÇÃO EVOLUTIVA, LEGAL, CORRETIVA E SOB DEMANDA E A DISPONIBILIZAÇÃO DE DATACENTER DE ACORDO COM AS ESPECIFICAÇÕES E QUANTITATIVOS PREVISTOS.",193200.0,2026-08-03,7,Guimarânia,MG,https://pncp.gov.br/app/editais/18602052000101/2026/40
2026-07-27 13:50,empresa,J.L. TREINAMENTOS E CONSULTORIA LTDA,17847641000189-1-000129/2026,Pregão - Eletrônico,MUNICIPIO DE BOTELHOS,"Aquisição de três veículos automotores novos (zero quilômetro), tipo minivan, com capacidade para 07 (sete) lugares, destinados à composição da frota da Secretaria Municipal de Saúde, incluindo plotagem (envelopamento) conforme padrão de identidade visual do Estado de Minas Gerais, mediante a utilização de recursos estaduais oriundos das Resoluções nº 9.334/2024, nº 9.867/2024 e nº 10.088/2025.",438428.94,2026-08-12,16,Botelhos,MG,https://pncp.gov.br/app/editais/17847641000189/2026/129
2026-07-27 13:50,empresa,J.L. TREINAMENTOS E CONSULTORIA LTDA,18301010000122-1-000137/2026,Pregão - Eletrônico,MUNICIPIO DE DORES DO INDAIA,"AQUISIÇÃO DE MOBILIÁRIO, EQUIPAMENTOS E MATERIAIS PERMANENTES PARA A ESTRUTURAÇÃO DA REDE SOCIOASSISTENCIAL DO MUNICÍPIO, PARA ATENDIMENTO DAS ENTIDADES “VILA VICENTINA” (“DISPENSÁRIO DOS POBRES DE DORES DO INDAIÁ”) E “FAEDI” (“FUNDAÇÃO ASSISTENCIAL E EDUCACIONAL DE DORES DO INDAIÁ”), CONFORME ESPECIFICAÇÕES CONSTANTES NESTE INSTRUMENTO, COM RECURSOS FEDERAIS ORIUNDOS DE EMENDA PARLAMENTAR, VINCULADA À PROGRAMAÇÃO SIGTV Nº 312320520230002, DE ACORDO COM AS ESPECIFICAÇÕES DESTE EDITAL.",105248.48,2026-08-11,15,Dores do Indaiá,MG,https://pncp.gov.br/app/editais/18301010000122/2026/137
2026-07-27 13:50,empresa,J.L. TREINAMENTOS E CONSULTORIA LTDA,18338202000103-1-000050/2026,Pregão - Eletrônico,MUNICIPIO DE OLARIA,"[Portal de Compras Públicas] - O objeto da presente licitação é a Contratação de empresa especializada visando a PRESTAÇÃO DE SERVIÇOS DE LICENCIAMENTO DE USO TEMPORÁRIO E MENSAL, POR PRAZO DETERMINADO, DE SISTEMA INTEGRADO DE GESTÃO EM SAÚDE PÚBLICA, PARA ATENDIMENTO À DIVERSAS ÁREAS DA SECRETARIA MUNICIPAL DE SAÚDE, DESENVOLVIDO PARA FUNCIONAMENTO EM AMBIENTE WEB E HOSPEDAGEM EM NUVEM, COM CONVERSÃO E MIGRAÇÃO DAS BASES DE DADOS EXISTENTES, EM CONFORMIDADE COM A LGPD (LEI GERAL DE PROTEÇÃO DE DADOS), INCLUINDO OS SERVIÇOS DE CONFIGURAÇÃO, PARAMETRIZAÇÃO, IMPLANTAÇÃO, TREINAMENTO, MANUTENÇÃO CORRETIVA E ADAPTATIVA, SUPORTE TÉCNICO REMOTO E MANUTENÇÃO EVOLUTIVA (PERFECTIVA) PARA ADAPTAÇÃO DO SISTEMA INTEGRADO ÀS NECESSIDADES DA SECRETARIA, GARANTINDO O ACRÉSCIMO DE QUALIDADE NO ATENDIMENTO AO MUNÍCIPE de Olaria, conforme condições, quantidades e exigências estabelecidas neste Edital e seus anexos.",47800.08,2026-08-06,10,Olaria,MG,https://pncp.gov.br/app/editais/18338202000103/2026/50
2026-07-27 13:50,empresa,J.L. TREINAMENTOS E CONSULTORIA LTDA,18244343000167-1-000101/2026,Pregão - Eletrônico,MUNICIPIO DE PERDOES,"Aquisição de veículos escolares destinados ao transporte de alunos das redes municipal e estadual de ensino, em atendimento às necessidades da Secretaria Municipal de Educação do Município de Perdões/MG, por meio dos recursos provenientes do Convênio nº 1261001316/2026, celebrado no âmbito do Programa Fortalecimento, cujo objeto é a aquisição de veículos para o transporte escolar",,2026-08-03,7,Perdões,MG,https://pncp.gov.br/app/editais/18244343000167/2026/101
2026-07-27 13:50,empresa,J.L. TREINAMENTOS E CONSULTORIA LTDA,64487614000122-1-000119/2026,Pregão - Eletrônico,MUNICIPIO DE JUATUBA,"Prestação de Serviços de empresa especializada, por um período de 60 meses, para fornecimento de solução integrada de gestão pública municipal em ambiente web, compreendendo locação de licenças de uso de softwares nativos de plataforma web, sem limitação de usuários, incluindo serviços de implantação, migração de dados, parametrização, configuração, treinamento de usuários, suporte técnico, manutenção corretiva, legal e evolutiva, hospedagem em data center, bem como",4039801.65,2026-08-07,11,Juatuba,MG,https://pncp.gov.br/app/editais/64487614000122/2026/119
2026-07-27 13:50,empresa,J.L. TREINAMENTOS E CONSULTORIA LTDA,18385088000172-1-000111/2026,Pregão - Eletrônico,MUNICIPIO DE MANHUACU,"Contratação de empresa especializada na prestação de serviços técnicos continuados de consultoria e assessoria à Secretaria Municipal de Cultura e Turismo do Município de Manhuaçu/MG, nas áreas de Turismo, Patrimônio Cultural e Leis de Incentivo à Cultura",,2026-08-05,9,Manhuaçu,MG,https://pncp.gov.br/app/editais/18385088000172/2026/111
2026-07-27 13:50,empresa,J.L. TREINAMENTOS E CONSULTORIA LTDA,19875046000182-1-000093/2026,Pregão - Eletrônico,MUNICIPIO DE CORONEL FABRICIANO,"Registro de Preços, para eventual e futura aquisição de gêneros alimentícios, tipo confeitaria “guloseimas”, para atender às demandas quando da realização de eventos institucionais internos e externos, em datas comemorativas previamente determinadas pelo calendário anual e institucional, como capacitações e atividades administrativas, em atendimento à Secretaria de Governança da Saúde, Secretaria de Governança Educacional e Cultura e Secretaria de Governança de Assistência Social, tendo como fonte de receita, Transferência Fundo a Fundo de Recursos do SUS Provenientes do Governo Federal, Transferência Fundo a Fundo de Recursos do SUS Provenientes do Governo Estadual e Recursos Não Vinculados de Impostos.",,2026-08-04,8,Coronel Fabriciano,MG,https://pncp.gov.br/app/editais/19875046000182/2026/93
2026-07-27 13:50,empresa,J.L. TREINAMENTOS E CONSULTORIA LTDA,25970260000110-1-000063/2026,Pregão - Eletrônico,MUNICIPIO DE VIRGINIA,"“Fornecimento de materiais e equipamentos esportivos destinados ao desenvolvimento das atividades esportivas, recreativas e de promoção da saúde promovidas pela Secretaria Municipal de Esportes, visando atender às necessidades dos projetos esportivos, programas de incentivo à prática de atividades físicas, treinamentos, eventos, competições e demais ações desenvolvidas pelo Município, em conformidade com as especificações, quantitativos e demais condições estabelecidas no Termo de Referência.”",51298.54,2026-08-03,7,Virgínia,MG,https://pncp.gov.br/app/editais/25970260000110/2026/63
2026-07-27 13:50,empresa,J.L. TREINAMENTOS E CONSULTORIA LTDA,18677591000100-1-000157/2026,Concorrência - Eletrônica,MUNICIPIO DE EXTREMA,"CONTRATAÇÃO DE EMPRESA ESPECIALIZADA PARA EXECUÇÃO DE PROJETO, INSTALAÇÃO E OPERAÇÃO DE SISTEMA DE GERAÇÃO DE ENERGIA SOLAR FOTOVOLTAICA, CONECTADO À REDE, COMPREENDENDO A ELABORAÇÃO DO PROJETO EXECUTIVO, A APROVAÇÃO DESTE JUNTO À CONCESSIONÁRIA DE ENERGIA, O FORNECIMENTO, MONTAGEM, COMISSIONAMENTO E ATIVAÇÃO DE TODOS OS EQUIPAMENTOS E MATERIAIS, A EFETIVAÇÃO DO ACESSO JUNTO À CONCESSIONÁRIA DE ENERGIA, O TREINAMENTO E SUPORTE TÉCNICO, OPERAÇÃO E MANUTENÇÃO DO SISTEMA INSTALADO NA CIDADE DE EXTREMA MG.",11160153.87,2026-09-04,39,Extrema,MG,https://pncp.gov.br/app/editais/18677591000100/2026/157
2026-07-27 13:50,empresa,J.L. TREINAMENTOS E CONSULTORIA LTDA,18094854000140-1-000048/2026,Concorrência - Eletrônica,MUNICIPIO DE SANTA BARBARA DO TUGURIO,"Contratação de empresa para construção de unidades habitacionais em áreas urbanas com recursos do fundo nacional de habitação de interesse social (FNHIS) no município de Santa Bárbara do Tugúrio, conforme especificações e condições estabelecidas neste edital e seus anexos",3094835.36,2026-08-20,24,Santa Bárbara do Tugúrio,MG,https://pncp.gov.br/app/editais/18094854000140/2026/48
2026-07-27 13:50,empresa,J.L. TREINAMENTOS E CONSULTORIA LTDA,17309790000194-1-000104/2026,Concorrência - Eletrônica,DEPARTAMENTO DE EDIFICACOES E ESTRADAS DE RODAGEM DO ESTADO DE MINAS GERAIS - DER-MG,"CONTRATAÇÃO DE EMPRESA ESPECIALIZADA PARA PRESTAÇÃO DE SERVIÇOS DE CONSULTORIA TÉCNICA, COM VISTAS À ANÁLISE, ORGANIZAÇÃO E SISTEMATIZAÇÃO DE INFORMAÇÕES, BEM COMO À ELABORAÇÃO DE RELATÓRIOS E PRODUTO",35828332.8,2026-09-17,52,Belo Horizonte,MG,https://pncp.gov.br/app/editais/17309790000194/2026/104
2026-07-27 13:50,empresa,J.L. TREINAMENTOS E CONSULTORIA LTDA,18132449000179-1-000094/2026,Concorrência - Eletrônica,MUNICIPIO DE VICOSA,"Contratação de empresa especializada para elaboração dos projetos executivos e execução das obras implantação do novo sistema de abastecimento de água – ETA III -Turvo Limpo – VIÇOSA/MG, em regime de contratação Semi-Integrada, com recursos do novo PAC",35811391.46,2026-08-20,24,Viçosa,MG,https://pncp.gov.br/app/editais/18132449000179/2026/94
2026-07-27 13:50,empresa,J.L. TREINAMENTOS E CONSULTORIA LTDA,18137927000133-1-000081/2026,Concorrência - Eletrônica,MUNICIPIO DE VISCONDE DO RIO BRANCO,Contraçaõ de empers especializada para prestação de serviços técnicos de assessoria e consultoria tributária.,257974.8,2026-08-19,23,Visconde do Rio Branco,MG,https://pncp.gov.br/app/editais/18137927000133/2026/81
2026-07-27 13:50,empresa,J.L. TREINAMENTOS E CONSULTORIA LTDA,16781346000104-1-000126/2026,Concorrência - Eletrônica,MUNICIPIO DE PIUMHI,"[LICITANET] - Contratação de empresa especializada para execução de obra de construção de Quadra Poliesportiva, modelo 1 - 1144 m2, vinculada ao CMEI Jordão Soares da Silva, na Rua Dr. José Poppe - Bairro Nova Esperança, no Município de Piumhi/MG, destinada ao atendimento de alunos da rede municipal de ensino, conforme descrito no plano de aplicação de recursos - Programa Fortalecimento das Escolas Municipais, nos termos do Convênio Nº 1261000421/2026 firmado com a Secretaria de Estado De Educação – SEE.",1535246.69,2026-08-12,16,Piumhi,MG,https://pncp.gov.br/app/editais/16781346000104/2026/126
2026-07-27 13:50,empresa,J.L. TREINAMENTOS E CONSULTORIA LTDA,16781346000104-1-000127/2026,Concorrência - Eletrônica,MUNICIPIO DE PIUMHI,"[LICITANET] - Contratação de empresa especializada para execução de obras de construção de Quadra Poliesportiva, modelo 3 - 504 m2, vinculada aos CMEIs André Mourão e Reynaldo Avelar, no Município de Piumhi/MG, destinada ao atendimento de alunos da rede municipal de ensino, conforme descrito no plano de aplicação de recursos - Programa Fortalecimento das Escolas Municipais, nos termos do Convênio Nº 1261000403/2026 firmado com a Secretaria de Estado De Educação – SEE.",809143.05,2026-08-13,17,Piumhi,MG,https://pncp.gov.br/app/editais/16781346000104/2026/127
2026-07-27 13:50,empresa,J.L. TREINAMENTOS E CONSULTORIA LTDA,16781346000104-1-000128/2026,Concorrência - Eletrônica,MUNICIPIO DE PIUMHI,"[LICITANET] - Contratação de empresa especializada para execução de obras de construção de Quadra Poliesportiva, modelo 1 – 1.144 m2, vinculada a Escola Municipal Ludgero Lima Arantes no bairro Nova Piumhi no Município de Piumhi/MG, destinada ao atendimento de alunos da rede municipal de ensino, conforme descrito no plano de aplicação de recursos - Programa Fortalecimento das Escolas Municipais, nos termos do Convênio Nº 1261000751/2026 firmado com a Secretaria de Estado De Educação – SEE.",1535246.69,2026-08-14,18,Piumhi,MG,https://pncp.gov.br/app/editais/16781346000104/2026/128
2026-07-27 13:50,empresa,J.L. TREINAMENTOS E CONSULTORIA LTDA,19875046000182-1-000086/2026,Concorrência - Eletrônica,MUNICIPIO DE CORONEL FABRICIANO,"Contratação de empresa, para prestação de serviços orientados ao planejamento, a implementação, a manutenção, capacitação e ao suporte técnico e operacional, assim como o fornecimento de equipamentos, materiais e soluções tecnológicas, todos de forma integrada, para construção e operacionalização de uma rede de transporte de dados metropolitana (RTDM), interligando o prédio sede da Prefeitura de Coronel Fabriciano a pontos de acesso, corporativos ou públicos, localizados nos limites geográficos do Município de Coronel Fabriciano/MG, além do provimento de link dedicado de acesso à internet mundial e a rede nacional de pesquisa (RNP), englobando ainda, o fornecimento de garantias técnicas e o estabelecimento de acordo de níveis de serviço, para atender as demandas de todas as secretarias e demais órgãos que integram a Administração Municipal, tendo como fonte de receita, Recursos não Vinculados de Impostos.",1829804.21,2026-08-27,31,Coronel Fabriciano,MG,https://pncp.gov.br/app/editais/19875046000182/2026/86
2026-07-27 13:50,empresa,J.L. TREINAMENTOS E CONSULTORIA LTDA,00508903000188-1-001271/2026,Concorrência - Eletrônica,JUSTICA FEDERAL DE PRIMEIRA INSTANCIA,"Contratação de empresa especializada de engenharia para prestação de serviços de fiscalização, assistência e consultoria, técnica e operacional e controle da elaboração de projetos de arquitetura e engenharia, sobre o serviço de elaboração de projetos elétricos e projetos complementares para subsidiar a Administração na aquisição e instalação de Grupo Gerador, Nobreak predial e Barramentos Blindados para o Edifício Oscar Dias Corrêa (ODC).",42378.96,2026-08-17,21,Belo Horizonte,MG,https://pncp.gov.br/app/editais/00508903000188/2026/1271
2026-07-27 13:50,empresa,J.L. TREINAMENTOS E CONSULTORIA LTDA,19875046000182-1-000088/2026,Concorrência - Eletrônica,MUNICIPIO DE CORONEL FABRICIANO,"Contratação de empresa especializada para elaboração de plano de manejo da área de proteção ambiental Serra dos Cocais em atendimento à Secretaria de Governança de Planejamento, Meio Ambiente e Habilitação, tendo como fonte de receita, Recursos não Vinculados de Impostos.",556320.0,2026-08-31,35,Coronel Fabriciano,MG,https://pncp.gov.br/app/editais/19875046000182/2026/88
2026-07-27 13:50,empresa,J.L. TREINAMENTOS E CONSULTORIA LTDA,23098510000149-1-000046/2026,Concorrência - Eletrônica,MUNICIPIO DE ARAPORA,"[LICITANET] - Contratação de empresa especializada para execução das obras de recapeamento asfáltico em CBUQ, sinalização vertical e horizontal na Rua das Palmeiras, no Bairro Jardim das Palmeiras, no Município de Araporã-MG, com recursos de transferência Federal via Ministério das Cidades, através de contrato de repasse OGU PM ARAPORÃ 985047/2025, conforme especificações contidas no Termo de Referência, Projeto básico, Planilha orçamentária, memorial descritivo, memorial de cálculo, cronograma físico-financeiro.",411828.78,2026-08-03,7,Araporã,MG,https://pncp.gov.br/app/editais/23098510000149/2026/46
2026-07-27 13:50,empresa,J.L. TREINAMENTOS E CONSULTORIA LTDA,18241778000158-1-000027/2026,Concorrência - Eletrônica,MUNICIPIO DE SAO JOAO BATISTA DO GLORIA,"[LICITANET] - CONTRATAÇÃO DE EMPRESA ESPECIALIZADA PARA AMPLIAÇÃO DO SISTEMA DE ABASTECIMENTO DE ÁGUA URBANA NO MUNICÍPIO DE SÃO JOÃO BATISTA DO GLÓRIA, com intuito de atender às necessidades da Secretaria de Infraestrutura deste município, com recursos provenientes do TERMO DE COMPROMISSO Nº. 968724/2024 JUNTO AO MINISTÉRIO DAS CIDADES/CAIXA ECONÔMICA FEDERAL.",,2026-08-10,14,São João Batista do Glória,MG,https://pncp.gov.br/app/editais/18241778000158/2026/27
2026-07-27 13:50,empresa,J.L. TREINAMENTOS E CONSULTORIA LTDA,17899717000110-1-000116/2026,Concorrência - Eletrônica,MUNICIPIO DE ARCEBURGO,"CONTRATAÇÃO DE EMPRESA ESPECIALIZADA PARA RESTAURAÇÃO E ADEQUAÇÃO DO PARQUE AMBIENTAL FRANCISCA STOCHI LUZ DA COSTA,COM RECURSOS DO FUNDO ESTADUAL DE CULTURA - FEC, EDITAL Nº 007/2025 - RESTAURA MINAS.",512336.37,2026-08-04,8,Arceburgo,MG,https://pncp.gov.br/app/editais/17899717000110/2026/116
2026-07-27 13:50,empresa,J.L. TREINAMENTOS E CONSULTORIA LTDA,18423582000184-1-000091/2026,Concorrência - Eletrônica,SERVICO AUTONOMO DE AGUA E ESGOTO,"CONTRATAÇÃO DE EMPRESA ESPECIALIZADA NA PRESTAÇÃO DE SERVIÇOS TÉCNICOS EM CONSULTORIA ORGANIZACIONAL, VISANDO À REFORMULAÇÃO DO PLANO DE CARGOS, CARREIRAS E SALÁRIOS (PCCS) DO SERVIÇO AUTÔNOMO DE ÁGUA E ESGOTO (SAAE) DE LAGOA DA PRATA/MG, ABRANGENDO TODO O CORPO DE SERVIDORES EFETIVOS DA AUTARQUIA.

A ESTIMATIVA DE QUANTIDADE BASEIA-SE NAS ENTREGAS E ETAPAS ESPERADAS AO LONGO DOS 180 DIAS DE EXECUÇÃO CONTRATUAL, SENDO PREVISTAS AS SEGUINTES ATIVIDADES:
1 (UMA) PROPOSTA METODOLÓGICA INICIAL, CONTENDO PLANO DE TRABALHO DETALHADO.
1 (UM) DIAGNÓSTICO SITUACIONAL COMPLETO, INCLUINDO LEVANTAMENTO DOS CARGOS EXISTENTES, ANÁLISE DAS ATRIBUIÇÕES, DISTORÇÕES SALARIAIS E ESTRUTURA ATUAL.
2 (DUAS) REUNIÕES PRESENCIAIS COM A DIRETORIA E REPRESENTANTES DO RH PARA ALINHAMENTO INICIAL E APRESENTAÇÃO DO DIAGNÓSTICO.
1 (UMA) PROPOSTA PRELIMINAR DO NOVO PCCS, COM DESCRIÇÃO DE CARGOS, CRITÉRIOS DE PROGRESSÃO E PROMOÇÃO, ESTRUTURA REMUNERATÓRIA E MATRIZ DE COMPETÊNCIAS.
1 (UM) ESTUDO DE IMPACTO ORÇAMENTÁRIO-FINANCEIRO COM SIMULAÇÕES.
1 (UMA) MINUTA DE PROJETO DE LEI, APTA À SUBMISSÃO AO EXECUTIVO E À CÂMARA MUNICIPAL.
1 (UM) MANUAL DE IMPLEMENTAÇÃO, COM ORIENTAÇÕES PRÁTICAS PARA O RH.
1 (UMA) APRESENTAÇÃO FINAL PÚBLICA AOS SERVIDORES, CONFORME CRONOGRAMA.

REQUISITOS DA CONTRATAÇÃO:
A EMPRESA CONTRATADA DEVERÁ POSSUIR COMPROVADA EXPERIÊNCIA NA ELABORAÇÃO DE PLANOS DE CARGOS, CARREIRAS E SALÁRIOS PARA ÓRGÃOS DA ADMINISTRAÇÃO PÚBLICA, ESPECIALMENTE EM AUTARQUIAS OU EMPRESAS PÚBLICAS MUNICIPAIS.

ESSA EXPERIÊNCIA DEVERÁ SER DEMONSTRADA POR MEIO DE ATESTADOS DE CAPACIDADE TÉCNICA, EMITIDOS POR ENTES PÚBLICOS QUE TENHAM RECEBIDO SERVIÇOS SIMILARES.

A CONTRATADA DEVERÁ APRESENTAR UMA EQUIPE TÉCNICA MULTIDISCIPLINAR, COMPOSTA, NO MÍNIMO, POR:

- 01 CONSULTOR NA ÁREA DE ADMINISTRAÇÃO, ADMINISTRADOR, REGISTRADO NO CONSELHO REGIONAL DE ADMINISTRAÇÃO – CRA. PÓS GRADUADO NA ÁREA DE RECURSOS HUMANOS OU GESTÃO DE PESSOAS;

- 01 CONSULTOR NA ÁREA DO DIREITO, ADVOGADO, DEVIDAMENTE REGISTRADO NA OAB, JUNTAMENTE COM APRESENTAÇÃO DE CERTIFICADO OU DECLARAÇÃO DE CONCLUSÃO DE CURSO DE ESPECIALIZAÇÃO/PÓS-GRADUAÇÃO EM DIREITO ADMINISTRATIVO E/OU DIREITO PÚBLICO, E /OU DIREITO DO TRABALHO;

- 01 CONSULTOR NA ÁREA CONTÁBIL, CONTADOR, DEVIDAMENTE REGISTRADO NO CRC - CONSELHO REGIONAL DE CONTABILIDADE.

- A METODOLOGIA DE TRABALHO DEVERÁ SER CLARA E COMPATÍVEL COM OS PRINCÍPIOS DA ADMINISTRAÇÃO PÚBLICA: TRANSPARÊNCIA, PARTICIPAÇÃO DOS SERVIDORES, EQUIDADE E SUSTENTABILIDADE FINANCEIRA. 


TODAS AS ENTREGAS DEVERÃO SER REALIZADAS EM FORMATO DIGITAL E FÍSICO, COM LINGUAGEM CLARA E TÉCNICA, COMPATÍVEL COM OS PRINCÍPIOS DA ADMINISTRAÇÃO PÚBLICA.

TODOS OS SERVIÇOS DEVERÃO SER PRESTADOS COM BASE EM CRITÉRIOS TÉCNICOS, LEGAIS E ADMINISTRATIVOS VIGENTES, OBSERVANDO AS BOAS PRÁTICAS DE GESTÃO PÚBLICA, EM CONFORMIDADE COM A LEGISLAÇÃO MUNICIPAL, ESTADUAL E FEDERAL APLICÁVEL.",112386.6,2026-09-08,43,Lagoa da Prata,MG,https://pncp.gov.br/app/editais/18423582000184/2026/91
2026-07-27 13:50,empresa,J.L. TREINAMENTOS E CONSULTORIA LTDA,18423582000184-1-000092/2026,Concorrência - Eletrônica,SERVICO AUTONOMO DE AGUA E ESGOTO,"Prestação de Serviços Técnicos em Consultoria Organizacional, visando a reformulação do Plano de Cargos, Carreiras e Salários (PCCS) do Serviço Autônomo de Água e Esgoto – SAAE, abrangendo diagnóstico institucional, redesenho de estrutura funcional, proposta de critérios de progressão e  promoção, estudo de impacto orçamentário e financeiro e elaboração de minuta de projeto de lei.",112386.6,2026-09-08,43,Lagoa da Prata,MG,https://pncp.gov.br/app/editais/18423582000184/2026/92
2026-07-27 13:50,empresa,J.L. TREINAMENTOS E CONSULTORIA LTDA,17309790000194-1-000119/2026,Concorrência - Eletrônica,DEPARTAMENTO DE EDIFICACOES E ESTRADAS DE RODAGEM DO ESTADO DE MINAS GERAIS - DER-MG,"Consultoria técnica de apoio à gestão de OAEs, compreendendo capacitação e treinamento das equipes do DER-MG, verificação técnica independente das vistorias executadas em contrato diverso e apoio à",19245276.8,2026-09-10,45,Belo Horizonte,MG,https://pncp.gov.br/app/editais/17309790000194/2026/119
2026-07-27 13:50,empresa,J.L. TREINAMENTOS E CONSULTORIA LTDA,18668368000198-1-000197/2026,Concorrência - Eletrônica,MUNICIPIO DE JURUAIA,"CONTRATAÇÃO DE EMPRESA ESPECIALIZADA EM ENGENHARIA CIVIL PARA EXECUÇÃO DE PAVIMENTAÇÃO EM CBUQ, LOCALIZADO NA ESTRADA RURAL DO BAIRRO GOMES NO MUNICÍPIO DE JURUAIA.COM RECURSO - N° PROPOSTA  002700/2026  PLANO 001793/2026 E INSTRUMENTO 1491000591/2026 TRANSFERÊNCIA ESPECIAL DO ESTADO - EMENDA PARLAMENTAR INDIVIDUAL, FIRMADO COM O MUNICÍPIO DE JURUAIA .",719512.04,2026-08-04,8,Juruaia,MG,https://pncp.gov.br/app/editais/18668368000198/2026/197
2026-07-27 13:50,empresa,J.L. TREINAMENTOS E CONSULTORIA LTDA,17899717000110-1-000120/2026,Concorrência - Eletrônica,MUNICIPIO DE ARCEBURGO,"CONTRATAÇÃO DE EMPRESA ESPECIALIZADA PARA FORNECIMENTO, CONSTRUÇÃO E INSTALAÇÃO DE PÍER EM MADEIRA NO PARQUE AMBIENTAL FRANCISCA STOCHI LUZ DA COSTA, ATRAVÉS DOS RECURSOS ORIUNDOS DA TRANSFERÊNCIA DA POLÍTICA NACIONAL ALDIR BLANC DE FOMENTO À CULTURA - Lei 14.339/23.",67255.13,2026-08-05,9,Arceburgo,MG,https://pncp.gov.br/app/editais/17899717000110/2026/120
2026-07-27 13:50,empresa,J.L. TREINAMENTOS E CONSULTORIA LTDA,18187823000133-1-000021/2026,Concorrência - Eletrônica,MUNICIPIO DE NOVA RESENDE,"CONSTITUI OBJETO DA PRESENTE CONCORRÊNCIA A CONTRATAÇÃO DE EMPRESA ESPECIALIZADA NO RAMO DE ENGENHARIA PARA EXECUTAR REFORMA E AMPLIAÇÃO DA ESCOLA MUNICIPAL MARIA JOSÉ DE GODOY NO DISTRITO DE PETÚNIA, MUNICÍPIO DE NOVA RESENDE INCLUINDO PRESTAÇÃO DE SERVIÇOS E FORNECIMENTO DE MATERIAL, COM RECURSOS PRÓPRIOS DO MUNICÍPIO, CONFORME ESPECIFICAÇÕES CONSTANTES NO CRONOGRAMA, MEMORIAL DESCRITIVO E NAS PLANILHAS OS QUAIS PASSAM A FAZER PARTE DO EDITAL, INDEPENDENTE DE TRANSCRIÇÃO.”",,2026-08-03,7,Nova Resende,MG,https://pncp.gov.br/app/editais/18187823000133/2026/21
2026-07-27 13:50,empresa,J.L. TREINAMENTOS E CONSULTORIA LTDA,18659334000137-1-000436/2026,Concorrência - Eletrônica,MUNICIPIO DE CAMPO BELO,Contratação de empresa especializada para prestação de serviços de mão de obra com fornecimento de materiais para reconstrução do muro afetado pela construção da Avenida Sanitária na Divisa com a Vila Vicentina - RECURSO FINISA 0610713-42,265808.15,2026-08-11,15,Campo Belo,MG,https://pncp.gov.br/app/editais/18659334000137/2026/436
2026-07-27 13:50,empresa,J.L. TREINAMENTOS E CONSULTORIA LTDA,18715508000131-1-000094/2026,Concorrência - Eletrônica,MUNICIPIO DE CONTAGEM,"[Portal de Compras Públicas] - PRESTAÇÃO DE SERVIÇOS DE CONSULTORIA ESPECIALIZADA DE ENGENHARIA PARA A ELABORAÇÃO DOS ESTUDOS E PROJETOS EXECUTIVOS PARA A IMPLANTAÇÃO DAS BACIAS DE DETENÇÃO DE CHEIAS (B6B e B6C) E ADEQUAÇÃO DO SISTEMA DE MACRODRENAGEM EXISTENTE NA AV. FRANCISCO FIRMO DE MATOS, NECESSÁRIAS PARA A CONTENÇÃO E CONTROLE DE INUNDAÇÕES NA MICROBACIA HIDROGRÁFICA DO CÓRREGO DA VILA MARIMBONDO E DO CÓRREGO RIACHO DAS PEDRAS.",3979236.98,2026-09-08,43,Contagem,MG,https://pncp.gov.br/app/editais/18715508000131/2026/94
2026-07-27 13:50,empresa,J.L. TREINAMENTOS E CONSULTORIA LTDA,18659334000137-1-000438/2026,Concorrência - Eletrônica,MUNICIPIO DE CAMPO BELO,CONTRATAÇÃO DE EMPRESA ESPECIALIZADA PARA PRESTAÇÃO DE SERVIÇOS DE MÃO DE OBRA COM FORNECIMENTO DE MATERIAIS PARA RECONSTRUÇÃO DO MURO AFETADO PELA CONSTRUÇÃO DA AVENIDA SANITÁRIA NA DIVISA COM A VILA VICENTINA - RECURSO FINISA 0610713-42,265808.14,2026-08-11,15,Campo Belo,MG,https://pncp.gov.br/app/editais/18659334000137/2026/438
2026-07-27 13:50,empresa,J.L. TREINAMENTOS E CONSULTORIA LTDA,18409227000150-1-000067/2026,Concorrência - Eletrônica,MUNICIPIO DE PECANHA,"Contratação de empresa especializada para execução da obra de construção da Estação de Tratamento de Esgoto ETE do Bairro Engenho, no Município de PeçanhaMG, com fornecimento de mão de obra, materiais e equipamentos, nos termos do Projeto Básico de Engenharia integrante deste instrumento, com recursos de transferência especial da União.",350941.11,2026-08-06,10,Peçanha,MG,https://pncp.gov.br/app/editais/18409227000150/2026/67
2026-07-27 13:50,empresa,J.L. TREINAMENTOS E CONSULTORIA LTDA,18414565000180-1-000043/2026,Concorrência - Eletrônica,MUNICIPIO DE PEDRA AZUL,"CONTRATAÇÃO DE EMPRESA ESPECIALIZADA PARA EXECUÇÃO DE OBRA DE REFORMA DA PRAÇA DA MATRIZ E CONTRUÇÃO DA PRAÇA COLATINO LOCALIZADAS NA SEDE DO MUNICIPIO DE PEDRA AZULMG, CONFORME ORIENTAÇÕES E RECURSOS PRESENTES EM TRANSFERENCIA ESPECIAL FEDERAL, PLANO DE AÇÃO Nº 09032022-0175632022 – PROGRAMA Nº 09032022, RESOLUÇÃO  SEGOV Nº 122023 – TRANSFERENCIA ESPECIAL ESTADUAL E RECURSOS PRÓPRIOS.",347600.7,2026-08-06,10,Pedra Azul,MG,https://pncp.gov.br/app/editais/18414565000180/2026/43
2026-07-27 13:50,empresa,J.L. TREINAMENTOS E CONSULTORIA LTDA,66229105000125-1-000019/2026,Concorrência - Eletrônica,MUNICIPIO DE CAPITAO ANDRADE,"IMPLANTAÇÃO DE SISTEMA DE VIDEOMONITORAMENTO URBANO PARA REFORÇO DA SEGURANÇA PÚBLICA E PROTEÇÃO DE BENS E ESPAÇOS PÚBLICOS NO MUNICÍPIO DE CAPITÃO ANDRADE, CONFORME PLANO DE AÇÃO Nº 09032025-085311/2025, INCLUINDO FORNECIMENTO DE EQUIPAMENTOS, PEÇAS, COMPONENTES, ACESSÓRIOS, MATERIAIS E SOFTWARES NECESSÁRIOS, BEM COMO SERVIÇOS DE INSTALAÇÃO, ADEQUAÇÃO DE INFRAESTRUTURA, CONFIGURAÇÃO, TESTES, TREINAMENTO, SUPORTE TÉCNICO E ACOMPANHAMENTO DO SISTEMA.",836397.69,2026-08-06,10,Capitão Andrade,MG,https://pncp.gov.br/app/editais/66229105000125/2026/19
2026-07-27 13:50,empresa,J.L. TREINAMENTOS E CONSULTORIA LTDA,18398966000194-1-000014/2026,Concorrência - Eletrônica,MUNICIPIO DE SERRA DOS AIMORES,"Contratação de empresa de engenharia, sob o regime de empreitada global, para execução da Construção de Quadra Poliesportiva Tipo 1 da Creche Acalanto II, conforme Convênio nº 1261004567/2026, firmado entre o Município de Serra dos Aimorés e a Secretaria de Estado de Educação de Minas Gerais - SEE/MG, com fornecimento total de equipamentos, materiais e mão de obra, visando ao cumprimento integral do objeto pactuado e à correta aplicação dos recursos conveniados.",1535257.14,2026-08-05,9,Serra dos Aimorés,MG,https://pncp.gov.br/app/editais/18398966000194/2026/14
2026-07-27 13:50,empresa,J.L. TREINAMENTOS E CONSULTORIA LTDA,18392506000159-1-000091/2026,Concorrência - Eletrônica,MUNICIPIO DE ALTO JEQUITIBA,"CONTRATAÇÃO DE EMPRESA ESPECIALIZADA PARA EXECUÇÃO DE OBRA DE REVITALIZAÇÃO DE ESTRADAS RURAIS DO MUNICÍPIO DE ALTO JEQUITIBÁ/MG, COMPREENDENDO A EXECUÇÃO DE SERVIÇOS DE DRENAGEM, PAVIMENTAÇÃO EM BLOCOS INTERTRAVADOS E OUTROS EM CONFORMIDADE COM OS PROJETOS, MEMORIAIS DESCRITIVOS, PLANILHAS ORÇAMENTÁRIAS E DEMAIS DOCUMENTOS TÉCNICOS, COM RECURSOS FINANCEIROS ORIUNDOS DO CONVÊNIO DE SAÍDA Nº 1231002676/2026.",2530070.61,2026-08-10,14,Alto Jequitibá,MG,https://pncp.gov.br/app/editais/18392506000159/2026/91
2026-07-27 13:50,empresa,J.L. TREINAMENTOS E CONSULTORIA LTDA,24363590000185-1-000026/2026,Concorrência - Eletrônica,MUNICIPIO DE RUBELITA,"[Portal de Compras Públicas] - Contratação de empresa especializada para a execução de obras de pavimentação asfáltica em CBUQ (Concreto Betuminoso Usinado a Quente) na via de acesso ao Distrito de Lagoa de Baixo, no Município de Rubelita/MG, com recursos provenientes dos Planos de Trabalho das Transferências Especiais da União nº 09032026-089724 e nº 09032026-091399, incluindo o fornecimento de materiais, mão de obra, equipamentos e demais serviços necessários à sua completa execução.",2068990.96,2026-08-06,10,Rubelita,MG,https://pncp.gov.br/app/editais/24363590000185/2026/26
2026-07-27 13:50,empresa,J.L. TREINAMENTOS E CONSULTORIA LTDA,18349936000198-1-000007/2026,Concorrência - Eletrônica,MUNICIPIO DE RIO DO PRADO,"Contratação de empresa especializada do ramo da construção civil para execução das obras de construção de 20 (vinte) unidades habitacionais de interesse social no Município de Rio do Prado/MG, no âmbito do Programa Minha Casa, Minha Vida – FNHIS Sub-50, vinculadas à Proposta Transferegov nº 039827/2025 e ao Termo de Compromisso nº 998152/2025/MCIDADES/CAIXA, com fornecimento integral de mão de obra, materiais, equipamentos, ferramentas e demais recursos necessários, conforme Projeto Básico, projetos, planilhas, memoriais e demais documentos integrantes deste Edital.",2983804.29,2026-08-05,9,Rio do Prado,MG,https://pncp.gov.br/app/editais/18349936000198/2026/7
2026-07-27 13:50,empresa,J.L. TREINAMENTOS E CONSULTORIA LTDA,18715508000131-1-000099/2026,Concorrência - Eletrônica,MUNICIPIO DE CONTAGEM,"[Portal de Compras Públicas] - CONTRATAÇÃO DE CONSULTORIA ESPECIALIZADA PARA IMPLEMENTAÇÃO DE PROJETO DE TRABALHO SOCIOAMBIENTAL – PTSA VISANDO A “IMPLANTAÇÃO DO REMANESCENTE DE OBRAS DA MACRODRENAGEM E MELHORIA DO TRANSPORTE PÚBLICO COLETIVO DO COMPLEXO DA AVENIDA MARACANÃ”, NO TRECHO COMPREENDIDO ENTRE A RUA ALBERT SCHWAITZER E A AV. DULCE GERALDA DINIZ, NO MUNCÍPIO DE CONTAGEM/MG.",978074.04,2026-09-16,51,Contagem,MG,https://pncp.gov.br/app/editais/18715508000131/2026/99
2026-07-27 13:50,empresa,J.L. TREINAMENTOS E CONSULTORIA LTDA,18414607000183-1-000048/2026,Concorrência - Eletrônica,MUNICIPIO DE MEDINA,"CONTRATAÇÃO DE EMPRESA PARA PRESTAÇÃO DE SERVIÇO DE EXECUÇÃO DE CALÇAMENTO EM PAVIMENTO INTERTRAVADO EM BLOCO SEXTAVADO EM LADEIRA DA ESTRADA VICINAL DISTRITO DE TUPARECÊ, ZONA RURAL DO MUNICÍPIO DE MEDINA/MG – RECURSO: CONVÊNIO Nº SEAPA/MG Nº 1231002470/2026",739887.93,2026-08-12,16,Medina,MG,https://pncp.gov.br/app/editais/18414607000183/2026/48
2026-07-27 13:50,empresa,J.L. TREINAMENTOS E CONSULTORIA LTDA,05802877000110-1-000079/2026,Concorrência - Eletrônica,INSTITUICAO DE COOPERACAO INTERMUNICIPAL DO MEDIO PARAOPEBA,"[Portal de Compras Públicas] - Registro de preços para futura e eventual contratação de empresa especializada para prestação de serviços de implementação, operacionalização e sustentação contínua da governança em proteção de dados pessoais, contemplando: (i) consultoria técnica especializada; (ii) disponibilização, operação e gerenciamento de plataforma tecnológica em regime de Software as a Service (SaaS); (iii) capacitação e treinamento de servidores públicos municipais e (iv) elaboração, monitoramento e evolução da conformidade normativa, incluindo as devidas implantações e configurações iniciais dos serviços, observadas as especificações constantes no Termo de Referência, para atender às demandas dos municípios consorciados ao ICISMEP.",4.77,2026-09-18,53,São Joaquim de Bicas,MG,https://pncp.gov.br/app/editais/05802877000110/2026/79
2026-07-27 13:50,empresa,J.L. TREINAMENTOS E CONSULTORIA LTDA,26388330000190-1-000069/2026,Concorrência - Eletrônica,FUND CENTRO HEMATOLOGIA E HEMOTERAPIA DE MINAS GERAIS,"Consultoria em gestão de custos
SEI 2320.01.0006793/2025-10",1099366.0,2026-09-21,56,Belo Horizonte,MG,https://pncp.gov.br/app/editais/26388330000190/2026/69
2026-07-27 13:50,empresa,J.L. TREINAMENTOS E CONSULTORIA LTDA,18314609000109-1-000050/2026,Dispensa de Licitação,MUNICIPIO DE RIBEIRAO DAS NEVES,"CONTRATAÇÃO DE EMPRESA ESPECIALIZADA EM CURSO DE FORMAÇÃO PARA OS PROFISSIONAIS QUE ATUARAM NO TRÂNSITO DO MUNICÍPIO DE RIBEIRÃO DAS NEVES, NOS TERMOS DE TABELA ABAIXO E CONFORME CONDIÇÕES E EXIGÊNCIAS ESTABELECIDAS NESTE INSTRUMENTO.",53700.0,2026-08-03,7,Ribeirão das Neves,MG,https://pncp.gov.br/app/editais/18314609000109/2026/50
2026-07-27 13:50,empresa,J.L. TREINAMENTOS E CONSULTORIA LTDA,19391945000100-1-000148/2026,Dispensa de Licitação,MUNICIPIO DE SANTA BARBARA,"Contratação de empresa especializada para prestação de serviços de locação, montagem, instalação, operação e desmontagem de estruturas cenográficas, equipamentos fotográficos interativos e soluções de entretenimento digital para eventos, incluindo cenário imersivo, impressão instantânea de fotografias, recursos digitais, iluminação cênica, personalização visual e suporte técnico operacional, destinados à realização do evento comemorativo do servidor público 2026, conforme as características, condições, obrigações e requisitos técnicos contidos no Aviso de Dispensa e seus anexos.",28110.0,2026-08-03,7,Santa Bárbara,MG,https://pncp.gov.br/app/editais/19391945000100/2026/148
2026-07-27 13:50,empresa,J.L. TREINAMENTOS E CONSULTORIA LTDA,17516113000147-1-000129/2026,Dispensa de Licitação,ASSEMBLEIA LEGISLATIVA DO ESTADO DE MINAS GERAIS,Serviço de locação de plataforma elevatória com treinamento operacional,,2026-08-05,9,Belo Horizonte,MG,https://pncp.gov.br/app/editais/17516113000147/2026/129
2026-07-27 13:51,barbacena,Barbacena (Busca por palavra-chave),02334933000140-1-000239/2026,Pregão - Eletrônico,CONSORCIO INTERMUNICIPAL DE SAUDE ALTO DAS VERTENTES,"Registro de Preços para Futura e Contratação de Empresa para a Prestação de Serviços de Veículos Aéreos Não Tripulados (VANT's/Drones) para Controle Vetorial do Aedes aegypti, em atendimento aos municípios da Unidade Regional de Saúde de Barbacena, por meio do Consórcio intermunicipal de Saúde Alto das Vertentes - CISALV, com utilização do saldo remanescente da Resolução SES/MG nº 9.035/2023 (CIB-SUS/MG).",616512.0,2026-08-05,9,Ressaquinha,MG,https://pncp.gov.br/app/editais/02334933000140/2026/239
2026-07-27 13:51,barbacena,Barbacena (Busca por palavra-chave),05487631000109-1-000079/2026,Concorrência - Eletrônica,SECRETARIA DE ESTADO DE JUSTICA E SEGURANCA PUBLICA -SEJUSP,Contratação para a elaboração dos projetos executivos em plataforma BIM (Building Information Modeling) e a execução das obras destinadas à construção da Unidade Prisional de Barbacena/MG.,118188265.78,2026-09-11,46,Belo Horizonte,MG,https://pncp.gov.br/app/editais/05487631000109/2026/79
2026-07-27 18:17,empresa,J.L. TREINAMENTOS E CONSULTORIA LTDA,18334276000171-1-000071/2026,Concorrência - Eletrônica,MUNICIPIO DE BOM JESUS DO GALHO,"Contratação de empresa especializada para a execução, em regime de empreitada por preços unitários pelo valor global, de obras para reforma e adequação do Centro de Especialidades Bom Jesus do Galho-MG, com recursos do Acordo Judicial para reparação integral e definitiva relativa ao rompimento da barragem de Fundão – Programa Especial de Saúde do Rio Doce.",769196.13,2026-08-12,16,Bom Jesus do Galho,MG,https://pncp.gov.br/app/editais/18334276000171/2026/71
2026-07-28 15:58,empresa,Carlos Batista da Silva,21325226000132-1-000011/2026,Pregão - Eletrônico,CONSORCIO INTERMUNICIPAL MULTISSETORIAL DO MEDIO RIO PIRACICABA,"Registro de preços para contratação de empresa especializada no fornecimento de ônibus escolares (urbanos e rurais), para atender os entes integrantes do CONSMEPI.",21016127.17,2026-08-04,7,João Monlevade,MG,https://pncp.gov.br/app/editais/21325226000132/2026/11
2026-07-28 15:58,empresa,Carlos Batista da Silva,18363978000183-1-000006/2026,Pregão - Eletrônico,MUNICIPIO DE RIO MANSO,"Registro de preços para futura e eventual aquisição de Equipamentos de Proteção Individual – EPIs, destinados ao atendimento das necessidades dos diversos setores da Prefeitura Municipal de Rio Manso/MG.",197502.14,2026-08-03,6,Rio Manso,MG,https://pncp.gov.br/app/editais/18363978000183/2026/6
2026-07-28 15:59,empresa,Drogaria Costa & Costa de Barbacena,11436319000180-1-000025/2026,Pregão - Eletrônico,FUNDO MUNICIPAL DE SAUDE,"REGISTRO DE PREÇO PARA FUTURO E EVENTUAL FORNECIMENTO DE INSUMOS E CORRELATOS DESTINADOS AO MONITORAMENTO GLICÊMICO E TRATAMENTO DE PACIENTES DIABÉTICOS E INSULINO DEPENDENTE, ATRAVÉS DO SISTEMA DE REGISTRO DE PREÇOS, PARA ATENDER ÀS NECESSIDADES DA CENTRAL DE DISTRIBUIÇÃO DE MEDICAMENTOS (CDM) E PACIENTES ASSISTIDOS PELA REDE MUNICIPAL DE SAÚDE DO MUNICÍPIO DE ALFENAS - MG,",510630.0,2026-08-10,13,Alfenas,MG,https://pncp.gov.br/app/editais/11436319000180/2026/25
2026-07-28 15:59,empresa,Drogaria Costa & Costa de Barbacena,18668368000198-1-000195/2026,Pregão - Eletrônico,MUNICIPIO DE JURUAIA,FORMAÇÃO DE REGISTRO DE PREÇOS PARA AQUISIÇÃO DE MEDICAMENTOS PARA DISTRIBUIÇÃO AOS MUNÍCIPES ATRAVÉS DA FARMÁCIA MUNICIPAL DE JURUAIA/MG,295571.54,2026-08-06,9,Juruaia,MG,https://pncp.gov.br/app/editais/18668368000198/2026/195
2026-07-28 15:59,empresa,Drogaria Costa & Costa de Barbacena,18668368000198-1-000196/2026,Pregão - Eletrônico,MUNICIPIO DE JURUAIA,FORMAÇÃO DE REGISTRO DE PREÇOS PARA AQUISIÇÃO DE MEDICAMENTOS PARA DISTRIBUIÇÃO AOS MUNÍCIPES ATRAVÉS DA FARMÁCIA MUNICIPAL DE JURUAIA/MG,295571.54,2026-08-06,9,Juruaia,MG,https://pncp.gov.br/app/editais/18668368000198/2026/196
2026-07-28 15:59,empresa,Drogaria Costa & Costa de Barbacena,18313007000129-1-000064/2026,Pregão - Eletrônico,MUNICIPIO DE CRUCILANDIA,"REGISTRO DE PREÇOS PARA FUTURA, EVENTUAL E PARCELADA AQUISIÇÃO FUTURA E EVENTUAL DE MEDICAMENTOS DESTINADOS A ATENDER ÀS DE-MANDAS DAS UNIDADES BÁSICAS DE SAÚDE, POSTOS DE SAÚDE, PRONTO ATENDIMENTO E DEMAIS SERVIÇOS DA REDE MUNICIPAL DE SAÚDE, VISAN-DO GARANTIR A CONTINUIDADE DOS ATENDIMENTOS, DA SECRETARIA MU-NICIPAL DE SAÚDE",3588522.88,2026-08-11,14,Crucilândia,MG,https://pncp.gov.br/app/editais/18313007000129/2026/64
2026-07-28 15:59,empresa,J.L. TREINAMENTOS E CONSULTORIA LTDA,18602078000141-1-000062/2026,Pregão - Eletrônico,MUNICIPIO DE LAGOA FORMOSA,"[LICITANET] - Contratação de empresa especializada para a prestação de serviços de realização de exames de Monitorização Ambulatorial da Pressão Arterial – MAPA 24 horas e Holter 24 horas, compreendendo a emissão de laudos médicos especializados, o fornecimento de equipamentos em regime de comodato, sistemas para transmissão, recepção e gerenciamento dos exames, bem como suporte técnico, instalação, treinamento e demais serviços necessários à plena execução do objeto, destinados ao atendimento das necessidades da Secretaria Municipal de Saúde, nos termos da tabela abaixo, conforme condições e exigências estabelecidas neste instrumento.",63300.0,2026-08-04,7,Lagoa Formosa,MG,https://pncp.gov.br/app/editais/18602078000141/2026/62
2026-07-28 15:59,empresa,J.L. TREINAMENTOS E CONSULTORIA LTDA,18668368000198-1-000191/2026,Pregão - Eletrônico,MUNICIPIO DE JURUAIA,"AQUISIÇÃO DE VEICULOS AUTOMOTORES PARA COMPOR A FROTA DO DEPARTAMENTO DE SAUDE DO MUNICIPIO DE JURUAIA/MG, COM RECURSOS ORIUNDOS DA RESOLUÇÃO SES 11.028 DE 16 DE ABRIL DE 2026.",842634.0,2026-08-04,7,Juruaia,MG,https://pncp.gov.br/app/editais/18668368000198/2026/191
2026-07-28 15:59,empresa,J.L. TREINAMENTOS E CONSULTORIA LTDA,18668368000198-1-000192/2026,Pregão - Eletrônico,MUNICIPIO DE JURUAIA,"AQUISIÇÃO DE VEICULOS AUTOMOTORES PARA COMPOR A FROTA DO DEPARTAMENTO DE SAUDE DO MUNICIPIO DE JURUAIA/MG, COM RECURSOS ORIUNDOS DA RESOLUÇÃO SES 11.028 DE 16 DE ABRIL DE 2026.",842634.0,2026-08-04,7,Juruaia,MG,https://pncp.gov.br/app/editais/18668368000198/2026/192
2026-07-28 15:59,empresa,J.L. TREINAMENTOS E CONSULTORIA LTDA,17695024000105-1-000085/2026,Pregão - Eletrônico,MUNICIPIO DE CURVELO,"[Portal de Compras Públicas] - Contratação de solução integrada de software de gestão pública municipal, compreendendo a cessão de uso/licenciamento continuado dos módulos necessários à Administração Municipal, bem como os serviços correlatos de implantação, migração de dados, treinamento, suporte técnico, manutenção, atualização e sustentação operacional da solução, em ambiente tecnológico compatível com a execução do objeto e com as necessidades institucionais do Município de Curvelo.",1602131.31,2026-08-03,6,Curvelo,MG,https://pncp.gov.br/app/editais/17695024000105/2026/85
2026-07-28 15:59,empresa,J.L. TREINAMENTOS E CONSULTORIA LTDA,24996845000147-1-000088/2026,Pregão - Eletrônico,"SERVICO AUTONOMO DE AGUA, ESGOTO E SANEAMENTO URBANO","Contratação de empresa especializada para prestação continuada de serviços de Medicina e Segurança do Trabalho, compreendendo planejamento, elaboração, implementação, coordenação, execução, monitoramento e atualização de programas, laudos, exames ocupacionais, avaliações ambientais, treinamentos, assessoria técnica e demais atividades necessárias ao atendimento das exigências legais aplicáveis à Autarquia SAAE Sete Lagoas conforme exigências da portaria 3214/78 e suas NRs., conforme ETP e TR",829380.84,2026-08-11,14,Sete Lagoas,MG,https://pncp.gov.br/app/editais/24996845000147/2026/88
2026-07-28 15:59,empresa,J.L. TREINAMENTOS E CONSULTORIA LTDA,15126437000305-1-002706/2026,Pregão - Eletrônico,EMPRESA BRASILEIRA DE SERVICOS HOSPITALARES - EBSERH,"Contratação por escopo de empresa especializada para prestação de serviço de capacitação, por meio da realização do curso in company sobre ""Atualização em Gestão da Saúde e Liderança no HC-UFMG integrante da Rede HU Brasil: Inovando com a metodologia de categorização de pacientes hospitalares - DRG",,2026-08-10,13,Belo Horizonte,MG,https://pncp.gov.br/app/editais/15126437000305/2026/2706
2026-07-28 15:59,empresa,J.L. TREINAMENTOS E CONSULTORIA LTDA,64487614000122-1-000131/2026,Pregão - Eletrônico,MUNICIPIO DE JUATUBA,"Aquisição de eletroeletrônicos e eletrodomésticos para uso no Centro Municipal de Atendimento Animal- CEMMA, vinculada aos recursos oriundos da emenda parlamentar n° 202543660024, conforme plano de ação n° 09032025-087277.",8520.3,2026-08-03,6,Juatuba,MG,https://pncp.gov.br/app/editais/64487614000122/2026/131
2026-07-28 15:59,empresa,J.L. TREINAMENTOS E CONSULTORIA LTDA,18715466000139-1-000050/2026,Concorrência - Eletrônica,MUNICIPIO DE ESMERALDAS,"[Portal de Compras Públicas] - Contratação de empresa especializada para a execução de obras de engenharia destinadas à construção de quadras poliesportivas vinculadas às unidades da rede municipal de ensino do Município de Esmeraldas/MG, compreendendo o fornecimento de materiais, mão de obra, equipamentos, ferramentas, transporte e todos os demais insumos necessários à perfeita execução dos serviços, em conformidade com os projetos de engenharia, memoriais descritivos, especificações técnicas, planilhas orçamentárias, cronogramas físico-financeiros e demais documentos técnicos, observadas as condições, especificações, quantidades e demais exigências estabelecidas neste Edital e em seus anexos.

As obras serão executadas com recursos oriundos dos Convênios de Saída celebrados entre o Estado de Minas Gerais, por intermédio da Secretaria de Estado de Educação – SEE/MG, e o Município de Esmeraldas, no âmbito do Programa de Fortalecimento das Escolas Municipais, conforme discriminado abaixo:

Item	   Convênio de Saída	          Unidade Escolar
  1	   1261002216/2026/SEE	  Escola Municipal Serra Verde
  2	   1261002753/2026/SEE	  Escola Municipal Feliciano Alves Diniz
  3        1261002748/2026/SEE	  Escola Municipal Professor Ricardo de Souza Cruz
  4	    1261002360/2026/SEE	  Escola Municipal Flávia Cristina de Oliveira",4414925.15,2026-08-11,14,Esmeraldas,MG,https://pncp.gov.br/app/editais/18715466000139/2026/50
2026-07-28 15:59,empresa,J.L. TREINAMENTOS E CONSULTORIA LTDA,18241372000175-1-000235/2026,Concorrência - Eletrônica,MUNICIPIO DE MONTE SANTO DE MINAS,"SELEÇÃO DA PROPOSTA MAIS VANTAJOSA PARA CONTRATAÇÃO DE EMPRESA ESPECIALIZADA PARA EXECUÇÃO, SOB O REGIME DE EMPREITADA POR PREÇO GLOBAL, DE SERVIÇOS DE INSTALAÇÃO DE ALAMBRADO NO CENTRO DE ATENÇÃO PSICOSSOCIAL CAPS, CONFORME PROJETO, PLANILHA ORÇAMENTÁRIA DE CUSTOS, CRONOGRAMA FÍSICO-FINANCEIRO, MEMORIAL  DESCRITIVO E DEMAIS ANEXOS A ESTE EDITAL, MEMORIAL DESCRITIVO, ESTUDO TÉCNICO PRELIMINAR (ETP) E LEGISLAÇÃO APLICÁVEL, COM RECURSOS PROVENIENTES DE  RENDIMENTOS FINANCEIROS DA TRANSPOSIÇÃO/TRANSFERÊNCIA DAS RESOLUÇÕES SES/MG:  7.168/2020, 7.703/2021, 7.727/2021 E 7.152/2020.",71517.12,2026-08-12,15,Monte Santo de Minas,MG,https://pncp.gov.br/app/editais/18241372000175/2026/235
2026-07-28 15:59,empresa,J.L. TREINAMENTOS E CONSULTORIA LTDA,23515687000101-1-000162/2026,Dispensa de Licitação,MUNICIPIO DE PIRANGA,CONTRATAÇÃO DE EMPRESA PARA PRESTAÇÃO DE SERVIÇOS DE CONSULTORIA E EXECUÇÃO DA PNAB – POLÍTICA NACIONAL ALDIR BLANC – CICLO 2 EM PIRANGA/MG,7400.0,2026-08-05,8,Piranga,MG,https://pncp.gov.br/app/editais/23515687000101/2026/162
2026-07-28 15:59,empresa,J.L. TREINAMENTOS E CONSULTORIA LTDA,03595624000197-1-000007/2026,Dispensa de Licitação,CAMARA MUNICIPAL DE AGUAS FORMOSAS,"contratação de empresa especializada para o licenciamento de uso de Sistema Integrado de Gestão Pública, destinado ao atendimento das necessidades da Câmara Municipal de Águas Formosas/MG, compreendendo a disponibilização dos sistemas em ambiente de computação em nuvem (Cloud Computing – Data Center), bem como os serviços de conversão e migração da base de dados, implantação, parametrização, treinamento dos usuários, suporte técnico presencial e remoto, manutenção corretiva, preventiva, adaptativa e evolutiva, atualizações legais e tecnológicas durante toda a vigência contratual, assegurando plena interoperabilidade com o Sistema Único e Integrado de Execução Orçamentária, Administração Financeira e Controle – SIAFIC, nos termos do Decreto Federal nº 10.540/2020",,2026-08-05,8,Águas Formosas,MG,https://pncp.gov.br/app/editais/03595624000197/2026/7
2026-07-28 15:59,empresa,J.L. TREINAMENTOS E CONSULTORIA LTDA,18682930000138-1-000080/2026,Dispensa de Licitação,MUNICIPIO DE ANDRELANDIA,Contratação de empresa especializada na prestação de serviços técnicos de Consultoria e Assessoria na área de Gestão de Saúde Pública para a secretaria de saúde,65492.04,2026-08-03,6,Andrelândia,MG,https://pncp.gov.br/app/editais/18682930000138/2026/80
2026-07-28 20:40,empresa,J.L. TREINAMENTOS E CONSULTORIA LTDA,18593111000114-1-000043/2026,Pregão - Eletrônico,MUNICIPIO DE ABADIA DOS DOURADOS,"[LICITANET] - Aquisição de plantadeiras adubadoras 04 (quatro) linhas, novas de fábrica, para atender a Secretaria Municipal de Agronegócio e Meio Ambiente, conforme Termo de Referência. Fonte de Recurso: Termo de Convênio/Convênio de Saída nº. 1231002330/2025/SEAPA-MG.",319500.0,2026-08-04,7,Abadia dos Dourados,MG,https://pncp.gov.br/app/editais/18593111000114/2026/43
2026-07-28 20:40,empresa,J.L. TREINAMENTOS E CONSULTORIA LTDA,18188235000114-1-000056/2026,Concorrência - Eletrônica,MUNICIPIO DE SOLEDADE DE MINAS,"Objeto: 2ª chamada para contratação de empresa para prestação de serviços de reforma do Centro Municipal de atividades aquáticas Lino Fernandes Ensá no Município de Soledade de Minas-MG, conforme projeto básico, memorial descritivo, planilhas orçamentarias, memórias de cálculos de quantidades, cronograma físico-financeiro e demais anexos desse edital, cuja origem dos recursos é de natureza de emenda de transferência especial junto a SEGOV, sob as indicações de nº: 1404712024 e 1444992024,",99603.68,2026-08-12,15,Soledade de Minas,MG,https://pncp.gov.br/app/editais/18188235000114/2026/56
2026-07-28 20:40,empresa,J.L. TREINAMENTOS E CONSULTORIA LTDA,19770288000101-1-000059/2026,Dispensa de Licitação,MUNICIPIO DE ALVARENGA,"AQUISIÇÃO DE PROJETOR MULTIMÍDIA (DATA SHOW) DESTINADO À SECRETARIA MUNICIPAL DE ASSISTÊNCIA SOCIAL, COM RECURSOS DO PROGRAMA/PROJETO DE ASSISTÊNCIA SOCIAL – SEDESE, PLANO Nº 4251001119/2022 – SIAFI Nº 9332097.",3914.82,2026-08-03,6,Alvarenga,MG,https://pncp.gov.br/app/editais/19770288000101/2026/59
2026-07-29 00:10,empresa,Drogaria Costa & Costa de Barbacena,17217985000104-1-000171/2026,Dispensa de Licitação,UNIVERSIDADE FEDERAL DE MINAS GERAIS,"Dispensa Eletrônica, a fim de adquirir, à pedido da FARMACIA-SECALM, ""de reagentes de laboratório (Solução Gema de Ovo com e sem Telurito, Caldo MRS, Extrato de Malte, Agar Baird Parker) para atendimento das aulas práticas do semestre 2026/2"".",4723.83,2026-08-03,5,Belo Horizonte,MG,https://pncp.gov.br/app/editais/17217985000104/2026/171
2026-07-29 20:19,empresa,Carlos Batista da Silva,21325226000132-1-000012/2026,Pregão - Eletrônico,CONSORCIO INTERMUNICIPAL MULTISSETORIAL DO MEDIO RIO PIRACICABA,"Registro de Preço para eventual e futura contratação de empresa especializada para  locação, montagem e desmontagem de estruturas temporárias, tais como palco, tendas, barracas, grades, fechamento, camarins, contratação de serviços de sonorização e iluminação, contratação de grupos geradores de energia, banheiros químicos, locação de mesas, cadeiras, locação de painéis e telões, para atender os entes integrantes do CONSMEPI Consórcio Intermunicipal Multissetorial do Médio Rio Piracicaba",22897675.71,2026-08-06,8,João Monlevade,MG,https://pncp.gov.br/app/editais/21325226000132/2026/12
2026-07-29 20:19,empresa,Carlos Batista da Silva,23539463000121-1-000048/2026,Pregão - Eletrônico,MUNICIPIO DE PIRAPORA,"Registro de Preços para futura e eventual aquisição de ferramentas e EPI`s (Equipamentos de Proteção
Individual) para a Prefeitura Municipal de Pirapora/MG.",544438.8,2026-08-05,7,Pirapora,MG,https://pncp.gov.br/app/editais/23539463000121/2026/48
2026-07-29 20:19,empresa,Drogaria Costa & Costa de Barbacena,19279827000104-1-000100/2026,Pregão - Eletrônico,MUNICIPIO DE CARANGOLA,"Contratação de empresa especializada no fornecimento de medicamentos constantes da Relação de Medicamentos da Farmácia de Minas, conforme quantitativos e especificações constantes deste Termo de Referência.",302248.2,2026-08-06,8,Carangola,MG,https://pncp.gov.br/app/editais/19279827000104/2026/100
2026-07-29 20:19,empresa,Drogaria Costa & Costa de Barbacena,00394452000103-1-014034/2026,Pregão - Eletrônico,COMANDO DO EXERCITO,"Aquisição de materiais, insumos, alimentos e medicamentos para o efetivo animal do CPOR/CM-BH e Órgãos Participantes.",2837038.3,2026-08-03,5,Belo Horizonte,MG,https://pncp.gov.br/app/editais/00394452000103/2026/14034
2026-07-29 20:19,empresa,Drogaria Costa & Costa de Barbacena,18715508000131-1-000097/2026,Pregão - Eletrônico,MUNICIPIO DE CONTAGEM,"[Portal de Compras Públicas] - REGISTRO DE PREÇOS PARA FUTURA E EVENTUAL AQUISIÇÃO DE MEDICAMENTOS PADRONIZADOS NA RELAÇÃO MUNICIPAL DE MEDICAMENTOS ESSENCIAIS - REMUME, DESTINADOS À DISPENSAÇÃO NAS FARMÁCIAS DISTRITAIS; AOS ATENDIMENTOS REALIZADOS NAS UNIDADES DE SAÚDE DA REDE SUS CONTAGEM/MG",96600227.0,2026-08-03,5,Contagem,MG,https://pncp.gov.br/app/editais/18715508000131/2026/97
2026-07-29 20:19,empresa,Drogaria Costa & Costa de Barbacena,17857442000151-1-000050/2026,Pregão - Eletrônico,MUNICIPIO DE SANTA RITA DE CALDAS,AQUISIÇÃO DE MEDICAMENTOS,750000.0,2026-08-03,5,Santa Rita de Caldas,MG,https://pncp.gov.br/app/editais/17857442000151/2026/50
2026-07-29 20:19,empresa,Drogaria Costa & Costa de Barbacena,17857442000151-1-000051/2026,Pregão - Eletrônico,MUNICIPIO DE SANTA RITA DE CALDAS,MEDICAMENTOS CMED,,2026-08-03,5,Santa Rita de Caldas,MG,https://pncp.gov.br/app/editais/17857442000151/2026/51
2026-07-29 20:19,empresa,Drogaria Costa & Costa de Barbacena,18338244000144-1-000071/2026,Pregão - Eletrônico,MUNICIPIO DE RIO NOVO,"REGISTRO DE PREÇOS VISANDO À FUTURA E EVENTUAL CONTRATAÇÃO DE EMPRESA ESPECIALIZADA PARA O FORNECIMENTO DE MEDICAMENTOS, A FIM DE ATENDER ÀS NECESSIDADES DA SECRETARIA MUNICIPAL DE SAÚDE DE RIO NOVO/MG, de acordo com o Edital.",1387488.38,2026-08-04,6,Rio Novo,MG,https://pncp.gov.br/app/editais/18338244000144/2026/71
2026-07-29 20:19,empresa,Drogaria Costa & Costa de Barbacena,18431312000620-1-000327/2026,Pregão - Eletrônico,MUNICIPIO DE UBERLANDIA,"Futura e eventual aquisição de medicamentos de uso humano (ácido acetilsalicílico, alendronato sódico, azitromicina e outros), que serão utilizados pelos pacientes atendidos na Rede Municipal de Saúde de Uberlândia.",10038665.0,2026-08-05,7,Uberlândia,MG,https://pncp.gov.br/app/editais/18431312000620/2026/327
2026-07-29 20:19,empresa,Drogaria Costa & Costa de Barbacena,05802877000110-1-000075/2026,Pregão - Eletrônico,INSTITUICAO DE COOPERACAO INTERMUNICIPAL DO MEDIO PARAOPEBA,"[Portal de Compras Públicas] - Registro de Preços para futura e eventual aquisição de medicamentos e insumos de uso veterinário – Volume I – de “A” a “H”, em atendimento às demandas dos entes consorciados.",,2026-08-03,5,São Joaquim de Bicas,MG,https://pncp.gov.br/app/editais/05802877000110/2026/75
2026-07-29 20:19,empresa,Drogaria Costa & Costa de Barbacena,18409227000150-1-000068/2026,Pregão - Eletrônico,MUNICIPIO DE PECANHA,"Registro de preços para futura e eventual aquisição parcelada de materiais hospitalares, insumos médico-assistenciais, materiais de consumo em saúde, produtos para curativos, coleta, esterilização, sondagem, administração de medicamentos, monitoramento clínico, apoio a procedimentos e demais produtos correlatos, destinados ao abastecimento das unidades vinculadas à Secretaria Municipal de Saúde da Prefeitura Municipal de Peçanha-MG.",2134286.76,2026-08-04,6,Peçanha,MG,https://pncp.gov.br/app/editais/18409227000150/2026/68
2026-07-29 20:19,empresa,Drogaria Costa & Costa de Barbacena,64487614000122-1-000141/2026,Dispensa de Licitação,MUNICIPIO DE JUATUBA,"Aquisição do medicamento Eltrombopague 50 mg, observados os valores constantes da Tabela CMED (Câmara de Regulação do Mercado de Medicamentos), destinado ao atendimento de determinação judicial em favor da paciente D.C.J., conforme decisão proferida nos autos do Processo nº xxxxxxx.",44286.0,2026-08-05,7,Juatuba,MG,https://pncp.gov.br/app/editais/64487614000122/2026/141
2026-07-29 20:19,empresa,J.L. TREINAMENTOS E CONSULTORIA LTDA,19875046000182-1-000095/2026,Pregão - Eletrônico,MUNICIPIO DE CORONEL FABRICIANO,"Contratação de empresa para gestão e administração de benefício de Vale Alimentação, mediante disponibilização de cartão eletrônico com tarja magnética e chip de segurança, com tecnologia integrada (ambiente web e aplicativo móvel em smartphones Android e IOS, com geração de token dinâmico e QR Code para pagamento), destinados ao crédito mensal concedido pela Administração Municipal aos servidores, para custear despesas com alimentação, tendo como fontes de receitas, Transferências do FUNDEB - Impostos e Transferências de Impostos e Recursos Não Vinculados de Impostos.",17760000.0,2026-08-03,5,Coronel Fabriciano,MG,https://pncp.gov.br/app/editais/19875046000182/2026/95
2026-07-29 20:19,empresa,J.L. TREINAMENTOS E CONSULTORIA LTDA,18133926000110-1-000038/2026,Pregão - Eletrônico,MUNICIPIO DE SAO MIGUEL DO ANTA,"[Portal de Compras Públicas] - CONTRATAÇÃO DE EMPRESA ESPECIALIZADA PARA CONCESSÃO DE DIREITO DE USO DE SISTEMAS INTEGRADOS DE GESTÃO PÚBLICA INCLUINDO SERVIÇOS DE IMPLANTAÇÃO, MIGRAÇÃO DOS DADOS, TREINAMENTO, SUPORTE TÉCNICO E DISPONIBILIZAÇÃO DA SOLUÇÃO EM DATACENTER EXTERNO CERTIFICADO, EM ATENDIMENTO AS DEMANDAS DA PREFEITURA MUNICIPAL DE SÃO MIGUEL DO ANTA",243200.0,2026-08-05,7,São Miguel do Anta,MG,https://pncp.gov.br/app/editais/18133926000110/2026/38
2026-07-29 20:19,empresa,J.L. TREINAMENTOS E CONSULTORIA LTDA,16636540000104-1-000039/2026,Pregão - Eletrônico,CIA DE TECNOLOGIA DA INFORMACAO DO ESTADO DE MG,Contratação de empresa especializada na prestação de serviços em consultoria técnica especializada para realização de diagnóstico e avaliação da maturidade em segurança da informação da Prodemge.,,2026-08-11,13,Belo Horizonte,MG,https://pncp.gov.br/app/editais/16636540000104/2026/39
2026-07-29 20:19,empresa,J.L. TREINAMENTOS E CONSULTORIA LTDA,18667477000190-1-000053/2026,Concorrência - Eletrônica,MUNICIPIO DE CASA GRANDE,"CONTRATAÇÃO DE EMPRESA ESPECIALIZADA PARA EXECUÇÃO DA OBRA DE ENGENHARIA DESTINADA À IMPLANTAÇÃO DA QUADRA POLIESPORTIVA PADRÃO SEE-MG NA ESCOLA MUNICIPAL SILVIA NUNES, NO MUNICÍPIO DE CASA GRANDE/MG, COM RECURSOS PRÓPRIOS DO MUNICÍPIO E RECURSOS ORIUNDOS DO CONVÊNIO Nº 1261002375/2022, CELEBRADO ENTRE O MUNICÍPIO DE CASA GRANDE E A SECRETARIA DE ESTADO DE EDUCAÇÃO DE MINAS GERAIS - SEE/MG.",1090391.07,2026-09-18,51,Casa Grande,MG,https://pncp.gov.br/app/editais/18667477000190/2026/53
2026-07-29 20:19,empresa,J.L. TREINAMENTOS E CONSULTORIA LTDA,24359333000170-1-000124/2026,Concorrência - Eletrônica,MUNICIPIO DE SALINAS,[Portal de Compras Públicas] - Contratação de empresa especializada em Engenharia e Construção Civil para execução de obra de reformas pontuais em praças da cidade (Recursos: Portaria nº. 1 de 01/04/2024 – Plano de Ação nº. 09032024-066872 e Portaria nº. 1 de 03/03/2023 – Plano de Ação nº. 09032023-034015),138895.05,2026-08-13,15,Salinas,MG,https://pncp.gov.br/app/editais/24359333000170/2026/124
2026-07-29 20:19,empresa,J.L. TREINAMENTOS E CONSULTORIA LTDA,16819831000120-1-000091/2026,Dispensa de Licitação,MUNICIPIO DE NOVA ERA,"CONTRATAÇÃO DE EMPRESA ESPECIALIZADA PARA PRESTAÇÃO DE SERVIÇOS TÉCNICOS DE CONSULTORIA, ASSESSORIA, ACOMPANHAMENTO, ELABORAÇÃO, ORGANIZAÇÃO E INSERÇÃO DE TRABALHOS E DOCUMENTOS TÉCNICOS RELATIVOS AO ICMS PATRIMÔNIO CULTURAL DO MUNICÍPIO DE NOVA ERA/MG, VISANDO AO CUMPRIMENTO DAS EXIGÊNCIAS DO INSTITUTO ESTADUAL DO PATRIMÔNIO HISTÓRICO E ARTÍSTICO DE MINAS GERAIS – IEPHA/MG, PARA O EXERCÍCIO 2028, ANO-BASE 2026, EM CONFORMIDADE COM A LEGISLAÇÃO E AS NORMAS APLICÁVEIS, ESPECIALMENTE A DELIBERAÇÃO NORMATIVA CONEP Nº 01/2021, A PORTARIA IEPHA Nº 34/2024 E DEMAIS ATOS NORMATIVOS VIGENTES DURANTE O PERÍODO DE EXECUÇÃO CONTRATUAL, EM ATENDIMENTO A SECRETARIA DE DESENVOLVIMENTO ECONÔMICO E SOCIAL.",28126.32,2026-08-06,8,Nova Era,MG,https://pncp.gov.br/app/editais/16819831000120/2026/91
2026-07-29 20:19,empresa,J.L. TREINAMENTOS E CONSULTORIA LTDA,17879859000115-1-000082/2026,Dispensa de Licitação,UNIVERSIDADE FEDERAL DE ALFENAS - UNIFAL-MG,"Contratação de Licença de Software para Escrituração Fiscal Digital de Retenções e outras Informações Fiscais, com treinamento, consultoria e suporte técnico, pelo período de 12 meses- DEOFC/UNIFAL-MG. Todos os encargos deverão estar inclusos. Todas as informações e descrição detalhada dos serviços encontram-se no Termo de Referência e Aviso de Dispensa Eletrônica publicados na página de licitações da Unifal-MG, www.unifal-mg.edu.br/licitacoes, link Dispensa de Licitação Eletrônica em andamento.",42150.0,2026-08-05,7,Alfenas,MG,https://pncp.gov.br/app/editais/17879859000115/2026/82
2026-07-29 20:19,empresa,J.L. TREINAMENTOS E CONSULTORIA LTDA,18684217000123-1-000049/2026,Dispensa de Licitação,MUNICIPIO DE BOM JARDIM DE MINAS,"[Portal de Compras Públicas] - Contratação de empresa especializada para elaboração, implantação e treinamento do Plano de Gerenciamento de Resíduos de Serviços de Saúde (PGRSS) nas Unidades de Saúde de Bom Jardim de Minas.",24152.62,2026-08-04,6,Bom Jardim de Minas,MG,https://pncp.gov.br/app/editais/18684217000123/2026/49
2026-07-30 15:38,empresa,Carlos Batista da Silva,01612509000158-1-000133/2026,Pregão - Eletrônico,MUNICIPIO DE SARZEDO,"[LICITANET] - Registro de Preços para eventual e futura aquisição de Uniformes e Equipamentos de Proteção Individual – EPIs, destinados ao atendimento dos servidores das unidades escolares (serventes e cantineiras) e do almoxarifado (auxiliares e almoxarife) vinculados à Secretaria Municipal de Educação, com exclusividade de disputa e de contratação para microempreendedor individual, microempresa ou empresa de pequeno porte (MEI, ME ou EPP, conforme artigo 48, I, LC 123) sediadas, primeiro em âmbito local e, após, na região, com limite de 50 km de distância do Município de Sarzedo",174407.09,2026-08-04,5,Sarzedo,MG,https://pncp.gov.br/app/editais/01612509000158/2026/133
2026-07-30 15:38,empresa,Carlos Batista da Silva,21325226000132-1-000015/2026,Pregão - Eletrônico,CONSORCIO INTERMUNICIPAL MULTISSETORIAL DO MEDIO RIO PIRACICABA,"Contratação de empresa especializada em gerenciamento, implementação, administração e fornecimento de auxílio alimentação, na forma de cartão eletrônico com chip de segurança, para servidores do CONSMEPI - Consórcio Intermunicipal Multissetorial do Médio Rio Piracicaba.",212850.0,2026-08-05,6,João Monlevade,MG,https://pncp.gov.br/app/editais/21325226000132/2026/15
2026-07-30 15:38,empresa,Carlos Batista da Silva,18428839000190-1-000128/2026,Pregão - Eletrônico,MUNICIPIO DE UBERABA,"AQUISIÇÃO DE LUVAS DE PROCEDIMENTOS, em atendimento à Secretaria de Saúde [SMS].",218646.9,2026-08-07,8,Uberaba,MG,https://pncp.gov.br/app/editais/18428839000190/2026/128
2026-07-30 15:38,empresa,Carlos Batista da Silva,17710096000184-1-000091/2026,Pregão - Eletrônico,MUNICIPIO DE ESTRELA DALVA,"Aquisição de UNIFORMES para o setor de Epidemiologia, em atendimento a Secretaria Municipal de Saúde da Prefeitura de Estrela Dalva, conforme condições e exigências estabelecidas no Edital e os seus anexos que lhes são parte integrante.",4067.84,2026-08-18,19,Estrela Dalva,MG,https://pncp.gov.br/app/editais/17710096000184/2026/91
2026-07-30 15:38,empresa,Carlos Batista da Silva,19843929000100-1-000496/2026,Dispensa de Licitação,FUNDACAO HOSPITALAR DO ESTADO DE MINAS GERAIS,Equipamentos de Proteção Individual(EPI's),,2026-08-05,6,Belo Horizonte,MG,https://pncp.gov.br/app/editais/19843929000100/2026/496
2026-07-30 15:38,empresa,Drogaria Costa & Costa de Barbacena,17744434000107-1-000127/2026,Pregão - Eletrônico,MUNICIPIO DE RIO POMBA,[Portal de Compras Públicas] - Aquisição de câmaras para conservação de imunobiológicos e medicamentos.,82872.85,2026-08-10,11,Rio Pomba,MG,https://pncp.gov.br/app/editais/17744434000107/2026/127
2026-07-30 15:38,empresa,Drogaria Costa & Costa de Barbacena,18239616000185-1-000086/2026,Pregão - Eletrônico,MUNICIPIO DE GUAPE,"Registro de Preços para futura e eventual aquisição de medicamentos para atendimento psiquiátricos visando cumprir ordens judiciais, em atendimento a Secretaria Municipal de Saúde.",153918.11,2026-08-06,7,Guapé,MG,https://pncp.gov.br/app/editais/18239616000185/2026/86
2026-07-30 15:38,empresa,Drogaria Costa & Costa de Barbacena,18468033000126-1-000218/2026,Pregão - Eletrônico,MUNICIPIO DE PATROCINIO,REGISTRO DE PRECOS PARA AQUISICAO DE MEDICAMENTOS PARA SUPRIR AS DEMANDAS DA SECRETARIA MUNICIPAL DE SAUDE DO MUNICIPIO DE PATROCINIO/MG.,8375918.0,2026-08-11,12,Patrocínio,MG,https://pncp.gov.br/app/editais/18468033000126/2026/218
2026-07-30 15:38,empresa,Drogaria Costa & Costa de Barbacena,05802877000110-1-000076/2026,Pregão - Eletrônico,INSTITUICAO DE COOPERACAO INTERMUNICIPAL DO MEDIO PARAOPEBA,"[Portal de Compras Públicas] - Registro de preços para futura e eventual aquisição de medicamentos, materiais médico-hospitalares, coberturas e insumos para tratamento de feridas e demais produtos destinados à assistência à saúde, em atendimento às demandas dos entes consorciados ao ICISMEP.",,2026-08-04,5,São Joaquim de Bicas,MG,https://pncp.gov.br/app/editais/05802877000110/2026/76
2026-07-30 15:38,empresa,Drogaria Costa & Costa de Barbacena,01601656000122-1-000112/2026,Pregão - Eletrônico,MUNICIPIO DE TOCOS DO MOJI,AQUISIÇÃO DE MEDICAMENTOS FRUSTRADOS,296577.5,2026-08-05,6,Tocos do Moji,MG,https://pncp.gov.br/app/editais/01601656000122/2026/112
2026-07-30 15:38,empresa,Drogaria Costa & Costa de Barbacena,20356762000132-1-000046/2026,Pregão - Eletrônico,MUNICIPIO DE DESTERRO DE ENTRE RIOS,"REGISTRO DE PREÇOS PARA FUTURA E EVENTUAL AQUISIÇÃO DE MEDICAMENTOS PARA ATENDIMENTO AS DEMANDAS NA FARMÁCIA DE MINAS, CENTRO DE SAÚDE LUZIA ROSA DE SÃO JOSÉ E ATENÇÃO PRIMÁRIA DO MUNICÍPIO DE DESTERRO DE ENTRE RIOS/MG.",554587.24,2026-08-04,5,Desterro de Entre Rios,MG,https://pncp.gov.br/app/editais/20356762000132/2026/46
2026-07-30 15:38,empresa,J.L. TREINAMENTOS E CONSULTORIA LTDA,18244376000107-1-000144/2026,Pregão - Eletrônico,MUNICIPIO DE LAVRAS,"[Portal de Compras Públicas] - Registro de preço para futura e eventual aquisição de material permanente hospitalar e equipamentos médico hospitalares, proveniente de Recurso Próprio e Emenda (Proposta 01417029000125001, Portaria 7911 ( C/C 1236814 ), conforme solicitação da Secretaria Municipal de Saúde, conforme condições, quantidades e exigências estabelecidas neste Edital e seus anexos.",542777.36,2026-08-04,5,Lavras,MG,https://pncp.gov.br/app/editais/18244376000107/2026/144
2026-07-30 15:38,empresa,J.L. TREINAMENTOS E CONSULTORIA LTDA,00394452000103-1-014146/2026,Pregão - Eletrônico,COMANDO DO EXERCITO,"Contratação de empresa especializada para a prestação de serviços de aulas de inglês para atender o Curso de Formação e Graduação de Sargentos (CFGS) do 10º BIL Mth e do 4º GAC L Mth, conforme especificações do Edital e seus anexos.",19500.0,2026-08-05,6,Juiz de Fora,MG,https://pncp.gov.br/app/editais/00394452000103/2026/14146
2026-07-30 15:38,empresa,J.L. TREINAMENTOS E CONSULTORIA LTDA,16886871000194-1-000165/2026,Pregão - Eletrônico,MUNICIPIO DE ITAMARANDIBA,"AQUISIÇÃO DE TRATOR AGRICOLA E GRADE ARADORA PARA ATENDER AO PROGRAMA DE INCENTIVO AO PEQUENO PRODUTOR RURAL E AGRICULTURA FAMILIAR DA SECRETARIA MUNICIPAL DE AGRICULTURA, COM RECURSOS PROVENIENTES DA TRANSFERÊNCIA ESPECIAL ESTADUAL, VINCULADA AO TERMO DE COMPROMISSO Nº 1231001026/2026",,2026-08-12,13,Itamarandiba,MG,https://pncp.gov.br/app/editais/16886871000194/2026/165
2026-07-30 15:38,empresa,J.L. TREINAMENTOS E CONSULTORIA LTDA,22646525000131-1-000100/2026,Pregão - Eletrônico,MUNICIPIO DE MONTE SIAO,"CONTRATAÇÃO DE EMPRESA ESPECIALIZADA PARA CESSÃO DE DIREITO DE USO DE SISTEMA INTEGRADO DE GESTÃO PÚBLICA MUNICIPAL, EM AMBIENTE SAAS, COM SERVIÇOS DE IMPLANTAÇÃO, CONVERSÃO/MIGRAÇÃO DE DADOS, PARAMETRIZAÇÃO, TREINAMENTO, SUPORTE TÉCNICO, MANUTENÇÃO E ATUALIZAÇÃO LEGAL E TECNOLÓGICA PARA AS SECRETARIAS MUNICIPAIS DA PREFEITURA MUNICIPAL DE MONTE SIÃO/MG",508284.5,2026-08-10,11,Monte Sião,MG,https://pncp.gov.br/app/editais/22646525000131/2026/100
2026-07-30 15:38,empresa,J.L. TREINAMENTOS E CONSULTORIA LTDA,19243518000184-1-000034/2026,Concorrência - Eletrônica,MUNICIPIO DE SERICITA,"SERVIÇOS DE ENGENHARIA, COM FORNECIMENTO DE MATERIAIS E MÃO-DE-OBRA, INCLUINDO DISPONIBILIZAÇÃO DE TODOS OS EQUIPAMENTOS NECESSÁRIOS À EXECUÇÃO PAVIMENTAÇÃO ASFÁLTICA – CONCRETO BETUMINOSO USINADO A QUENTE (CBUQ) COM REGULARIZAÇÃO DE SUBLEITO, SUB-BASE, BASE, FORNECIMENTO E APLICAÇÃO DE IMPRIMAÇÃO, EXECUÇÃO DE DRENAGEM EM ESTRADA VICINAL DO MUNICIPIO DE SERICITA/MG, COM RECURSOS ORIUNDOS DO CONVÊNIO DE SAÍDA Nº 1231002843/2026-SEAPA, FIRMADO ENTRE O MUNICÍPIO DE SERICITA/MG E O GOVERNO DO ESTADO DE MINAS GERAIS, ATRAVÉS DA SECRETARIA DE ESTADO DE AGRICULTURA, PECUÁRIA E ABASTECIMENTO – SEAPA.",3596179.5,2026-08-25,26,Sericita,MG,https://pncp.gov.br/app/editais/19243518000184/2026/34
2026-07-30 15:38,empresa,J.L. TREINAMENTOS E CONSULTORIA LTDA,01612481000159-1-000003/2026,Concorrência - Eletrônica,MUNICIPIO DE PINTOPOLIS,"[Portal de Compras Públicas] - CONTRATAÇÃO DE EMPRESA ESPECIALIZADA PARA EXECUÇÃO DE OBRAS DE PAVIMENTAÇÃO ASFÁLTICA COM C.B.U.Q. (CONCRETO BETUMINOSO USINADO A QUENTE) NA AVENIDA, JK, BAIRRO VICENTE CARDOSO, PINTÓPOLIS MG, COM RECURSOS ORIUNDOS PLANO DE AÇÃO Nº 09032026-095998. CONFORME ESPECIFICAÇÕES DOS MEMORIAIS DESCRITIVOS, PROJETOS, CRONOGRAMA FÍSICO FINANCEIRO, PLANILHA DE CUSTOS E ANEXOS.",405982.97,2026-08-18,19,Pintópolis,MG,https://pncp.gov.br/app/editais/01612481000159/2026/3
2026-07-30 15:39,empresa,FELIPE M. PRODUCOES LTDA,18133306000181-1-000054/2026,Pregão - Eletrônico,MUNICIPIO DE ERVALIA,"Registro de Preço visando a contratação de empresa especializada na prestação de serviços de realização de apresentações artísticas, compreendendo shows musicais com artistas locais e regionais, bandas de diversos gêneros, DJs, cantor solo, duplas e trios, conforme descritos e especificados no anexo I do edital nº 055/2026.",894292.8,2026-08-06,7,Ervália,MG,https://pncp.gov.br/app/editais/18133306000181/2026/54
2026-07-30 20:26,empresa,Carlos Batista da Silva,18239608000139-1-000124/2026,Dispensa de Licitação,MUNICIPIO DE ILICINEA,"Contratação de serviços profissionais especializados de Médicoa Veterinárioa para atuar na Secretaria Municipal de Saúde, especificamente nos setores de Vigilância Epidemiológica, Vigilância Sanitária e Zoonoses.Especificações Técnicas do Perfil Profissional:Profissional de Saúde Pública com graduação em Medicina Veterinária e registro ativo no CRMV-MG. Capacitado para atuar no âmbito do SUS conforme Resolução CNS nº 2871998.Atribuições Principais:- Prevenção, controle e monitoramento de zoonoses raiva, leishmaniose, esporotricose, dengue, febre amarela e agravos por animais peçonhentos;- Coordenação e execução técnica da campanha de vacinação antirrábica;- Vistorias técnicas e fiscalização de estabelecimentos que manipulam alimentos de origem animal;- Monitoramento de fatores ambientais de risco à saúde;- Desenvolvimento de ações de educação em saúde e promoção do conceito de Saúde Única;- Apoio integrado às equipes de Atenção Básica e ESF em visitas domiciliares e territoriais.",52000.0,2026-08-05,6,Ilicínea,MG,https://pncp.gov.br/app/editais/18239608000139/2026/124
2026-07-30 20:26,empresa,Drogaria Costa & Costa de Barbacena,18241349000180-1-000129/2026,Dispensa de Licitação,MUNICIPIO DE SAO SEBASTIAO DO PARAISO,"Fornecimento de materiais como fronha, traveisseiro, cobertor, livro de registro específico de medicamentos e tanquinho de lavar roupas, destinados aos setores da Secretiaria de Saúde, para suprir suas necessidades.",6156.46,2026-08-06,7,São Sebastião do Paraíso,MG,https://pncp.gov.br/app/editais/18241349000180/2026/129
2026-07-30 20:26,empresa,Drogaria Costa & Costa de Barbacena,00394452000103-1-015242/2026,Dispensa de Licitação,COMANDO DO EXERCITO,Medicamentos para os equinos do  Campo de Instrução de Juiz de Fora,3277.1,2026-08-04,5,Juiz de Fora,MG,https://pncp.gov.br/app/editais/00394452000103/2026/15242
2026-07-30 20:26,empresa,J.L. TREINAMENTOS E CONSULTORIA LTDA,18668376000134-1-000099/2026,Concorrência - Eletrônica,MUNICIPIO DE MONTE BELO,"CONTRATAÇÃO DE EMPRESA ESPECIALIZADA NA EXECUÇÃO DE OBRAS DE INFRAESTRUTURA PARA INSTALAÇÃO DO RESERVATÓRIO DE ÁGUA DO SISTEMA DE ABASTECIMENTO DO POÇO ARTESIANO DO DISTRITO DE SANTA CRUZ DA APARECIDA, COM RECURSOS PROVENIENTES DA RESOLUÇÃO SEGOV, Nº 16 DE 29 DE ABRIL DE 2025, EM ATENDIMENTO ÀS NECESSIDADES DA SECRETARIA MUNICIPAL DE OBRAS E SERVIÇOS PÚBLICOS.",73804.22,2026-08-14,15,Monte Belo,MG,https://pncp.gov.br/app/editais/18668376000134/2026/99
2026-07-30 20:26,empresa,J.L. TREINAMENTOS E CONSULTORIA LTDA,18260489000104-1-000055/2026,Dispensa de Licitação,MUNICIPIO DE TUPACIGUARA,"[Publicenter] - Aquisição de contentores plásticos de lixo para atender as necessidades da Secretaria Municipal de Meio Ambiente, Recursos Hidricos e Serviços Urbanos, conforme condições e exigências estabelecidas em DFD.",63760.0,2026-08-07,8,Tupaciguara,MG,https://pncp.gov.br/app/editais/18260489000104/2026/55
2026-07-30 20:26,empresa,J.L. TREINAMENTOS E CONSULTORIA LTDA,18241349000180-1-000130/2026,Dispensa de Licitação,MUNICIPIO DE SAO SEBASTIAO DO PARAISO,"Constitui objeto da presente contratação a escolha da proposta mais vantajosa para a prestação de serviços em fornecimento de 1 (um) acesso em licença de software de nutrição, com implantação e treinamento, destinado ao setor da Equipe Multiprofissional da Atenção Primária, integrando a manutenção das ações da Secretaria Municipal de Saúde.",970.53,2026-08-06,7,São Sebastião do Paraíso,MG,https://pncp.gov.br/app/editais/18241349000180/2026/130
2026-07-30 20:26,empresa,J.L. TREINAMENTOS E CONSULTORIA LTDA,18431312000620-1-000351/2026,Dispensa de Licitação,MUNICIPIO DE UBERLANDIA,"Prestação de serviços de afiação de alicates de cutículas e tesouras destinados a atender o curso de manicures ofertados nos Centros Profissionalizantes, através da Secretaria Municipal de Desenvolvimento Social.",9156.0,2026-08-05,6,Uberlândia,MG,https://pncp.gov.br/app/editais/18431312000620/2026/351
2026-07-31 10:08,empresa,Drogaria Costa & Costa de Barbacena,18431312000620-1-000283/2026,Pregão - Eletrônico,MUNICIPIO DE UBERLANDIA,"Futura e eventual aquisição de medicamentos de uso humano (atorvastatina cálcica, azatioprina, e outros), que serão utilizados pelos pacientes atendidos na Rede Municipal de Saúde de Uberlândia.",5966285.35,2026-08-18,18,Uberlândia,MG,https://pncp.gov.br/app/editais/18431312000620/2026/283
2026-07-31 10:08,empresa,J.L. TREINAMENTOS E CONSULTORIA LTDA,16888315000157-1-000095/2025,Concorrência - Eletrônica,UNIVERSIDADE FEDERAL DOS VALES DO JEQUITINHONHA E MUCURI,"Contratação de empresa especializada para conclusão da reforma e ampliação do Prédio de Laboratórios do Curso de Engenharia Mecânica no Campus JK da Universidade Federal dos Vales do Jequitinhonha e Mucuri - UFVJM, localizado no município de Diamantina-MG",2346922.14,2026-08-14,14,Diamantina,MG,https://pncp.gov.br/app/editais/16888315000157/2025/95
